product_code,customer_code,market_code,order_date,sales_qty,sales_amount,currency,sales_amount_inr,markets_code,markets_name,zone
Prod053,Cus017,Mark011,2017-10-10,10,3014,"INR",NULL,Mark011,Nagpur,Central
Prod053,Cus018,Mark011,2017-10-10,1,269,"INR",NULL,Mark011,Nagpur,Central
Prod053,Cus017,Mark011,2017-10-11,12,3741,"INR",NULL,Mark011,Nagpur,Central
Prod053,Cus019,Mark011,2017-10-11,11,2264,"INR",NULL,Mark011,Nagpur,Central
Prod053,Cus020,Mark011,2017-10-11,3,750,"INR",NULL,Mark011,Nagpur,Central
Prod053,Cus021,Mark011,2017-10-11,18,4597,"INR",NULL,Mark011,Nagpur,Central
Prod053,Cus022,Mark011,2017-10-11,1,125,"INR",NULL,Mark011,Nagpur,Central
Prod053,Cus019,Mark011,2017-10-12,9,2171,"INR",NULL,Mark011,Nagpur,Central
Prod053,Cus023,Mark011,2017-10-12,1,644,"INR",NULL,Mark011,Nagpur,Central
Prod053,Cus020,Mark011,2017-10-12,49,12306,"INR",NULL,Mark011,Nagpur,Central
Prod053,Cus022,Mark011,2017-10-12,1,380,"INR",NULL,Mark011,Nagpur,Central
Prod053,Cus017,Mark011,2017-10-13,20,5181,"INR",NULL,Mark011,Nagpur,Central
Prod053,Cus019,Mark011,2017-10-13,5,1120,"INR",NULL,Mark011,Nagpur,Central
Prod053,Cus024,Mark011,2017-10-13,24,6241,"INR",NULL,Mark011,Nagpur,Central
Prod053,Cus018,Mark011,2017-10-13,8,1935,"INR",NULL,Mark011,Nagpur,Central
Prod053,Cus020,Mark011,2017-10-13,2,426,"INR",NULL,Mark011,Nagpur,Central
Prod053,Cus017,Mark011,2017-10-16,18,5315,"INR",NULL,Mark011,Nagpur,Central
Prod053,Cus019,Mark011,2017-10-16,19,5625,"INR",NULL,Mark011,Nagpur,Central
Prod053,Cus024,Mark011,2017-10-16,1,171,"INR",NULL,Mark011,Nagpur,Central
Prod053,Cus020,Mark011,2017-10-16,6,1852,"INR",NULL,Mark011,Nagpur,Central
Prod053,Cus021,Mark011,2017-10-16,6,1574,"INR",NULL,Mark011,Nagpur,Central
Prod053,Cus017,Mark011,2017-10-17,6,1870,"INR",NULL,Mark011,Nagpur,Central
Prod053,Cus019,Mark011,2017-10-17,1,157,"INR",NULL,Mark011,Nagpur,Central
Prod053,Cus023,Mark011,2017-10-17,1,384,"INR",NULL,Mark011,Nagpur,Central
Prod053,Cus020,Mark011,2017-10-17,12,3097,"INR",NULL,Mark011,Nagpur,Central
Prod053,Cus021,Mark011,2017-10-17,4,1014,"INR",NULL,Mark011,Nagpur,Central
Prod053,Cus017,Mark011,2017-10-18,6,1574,"INR",NULL,Mark011,Nagpur,Central
Prod053,Cus019,Mark011,2017-10-18,26,6444,"INR",NULL,Mark011,Nagpur,Central
Prod053,Cus024,Mark011,2017-10-18,3,769,"INR",NULL,Mark011,Nagpur,Central
Prod053,Cus020,Mark011,2017-10-18,2,500,"INR",NULL,Mark011,Nagpur,Central
Prod053,Cus021,Mark011,2017-10-18,12,3500,"INR",NULL,Mark011,Nagpur,Central
Prod053,Cus017,Mark011,2017-10-19,12,0,"INR",NULL,Mark011,Nagpur,Central
Prod053,Cus019,Mark011,2017-10-19,20,4630,"INR",NULL,Mark011,Nagpur,Central
Prod053,Cus024,Mark011,2017-10-19,13,3292,"INR",NULL,Mark011,Nagpur,Central
Prod053,Cus020,Mark011,2017-10-19,6,1597,"INR",NULL,Mark011,Nagpur,Central
Prod053,Cus019,Mark011,2017-10-20,4,1222,"INR",NULL,Mark011,Nagpur,Central
Prod053,Cus024,Mark011,2017-10-20,49,12653,"INR",NULL,Mark011,Nagpur,Central
Prod053,Cus020,Mark011,2017-10-20,3,838,"INR",NULL,Mark011,Nagpur,Central
Prod053,Cus017,Mark011,2017-10-23,2,532,"INR",NULL,Mark011,Nagpur,Central
Prod053,Cus019,Mark011,2017-10-23,54,10551,"INR",NULL,Mark011,Nagpur,Central
Prod053,Cus020,Mark011,2017-10-23,3,750,"INR",NULL,Mark011,Nagpur,Central
Prod053,Cus021,Mark011,2017-10-23,6,1574,"INR",NULL,Mark011,Nagpur,Central
Prod053,Cus022,Mark011,2017-10-23,6,1644,"INR",NULL,Mark011,Nagpur,Central
Prod053,Cus022,Mark011,2017-10-23,1,380,"INR",NULL,Mark011,Nagpur,Central
Prod053,Cus019,Mark011,2017-10-24,9,2398,"INR",NULL,Mark011,Nagpur,Central
Prod053,Cus021,Mark011,2017-10-24,12,4435,"INR",NULL,Mark011,Nagpur,Central
Prod053,Cus019,Mark011,2017-10-25,31,7588,"INR",NULL,Mark011,Nagpur,Central
Prod053,Cus024,Mark011,2017-10-25,15,3866,"INR",NULL,Mark011,Nagpur,Central
Prod053,Cus018,Mark011,2017-10-25,7,1681,"INR",NULL,Mark011,Nagpur,Central
Prod053,Cus020,Mark011,2017-10-25,19,5907,"INR",NULL,Mark011,Nagpur,Central
Prod053,Cus017,Mark011,2017-10-26,2,532,"INR",NULL,Mark011,Nagpur,Central
Prod053,Cus019,Mark011,2017-10-26,3,894,"INR",NULL,Mark011,Nagpur,Central
Prod053,Cus024,Mark011,2017-10-26,1,259,"INR",NULL,Mark011,Nagpur,Central
Prod053,Cus020,Mark011,2017-10-26,2,588,"INR",NULL,Mark011,Nagpur,Central
Prod053,Cus017,Mark011,2017-10-27,2,472,"INR",NULL,Mark011,Nagpur,Central
Prod053,Cus019,Mark011,2017-10-27,12,3162,"INR",NULL,Mark011,Nagpur,Central
Prod053,Cus020,Mark011,2017-10-27,9,2176,"INR",NULL,Mark011,Nagpur,Central
Prod053,Cus021,Mark011,2017-10-27,12,3500,"INR",NULL,Mark011,Nagpur,Central
Prod053,Cus022,Mark011,2017-10-27,1,190,"INR",NULL,Mark011,Nagpur,Central
Prod053,Cus019,Mark011,2017-10-30,9,1931,"INR",NULL,Mark011,Nagpur,Central
Prod053,Cus020,Mark011,2017-10-30,10,2431,"INR",NULL,Mark011,Nagpur,Central
Prod053,Cus025,Mark011,2017-10-30,4,1130,"INR",NULL,Mark011,Nagpur,Central
Prod053,Cus021,Mark011,2017-10-30,42,10810,"INR",NULL,Mark011,Nagpur,Central
Prod053,Cus022,Mark011,2017-10-30,2,949,"INR",NULL,Mark011,Nagpur,Central
Prod053,Cus017,Mark011,2017-10-31,13,4014,"INR",NULL,Mark011,Nagpur,Central
Prod053,Cus019,Mark011,2017-10-31,4,1042,"INR",NULL,Mark011,Nagpur,Central
Prod053,Cus024,Mark011,2017-10-31,15,3440,"INR",NULL,Mark011,Nagpur,Central
Prod053,Cus018,Mark011,2017-10-31,1,255,"INR",NULL,Mark011,Nagpur,Central
Prod053,Cus020,Mark011,2017-10-31,12,3028,"INR",NULL,Mark011,Nagpur,Central
Prod053,Cus021,Mark011,2017-10-31,33,8023,"INR",NULL,Mark011,Nagpur,Central
Prod053,Cus017,Mark011,2017-11-02,6,1560,"INR",NULL,Mark011,Nagpur,Central
Prod053,Cus019,Mark011,2017-11-02,17,3537,"INR",NULL,Mark011,Nagpur,Central
Prod053,Cus024,Mark011,2017-11-02,9,2333,"INR",NULL,Mark011,Nagpur,Central
Prod053,Cus020,Mark011,2017-11-02,10,2444,"INR",NULL,Mark011,Nagpur,Central
Prod053,Cus021,Mark011,2017-11-02,6,1519,"INR",NULL,Mark011,Nagpur,Central
Prod053,Cus022,Mark011,2017-11-02,12,3037,"INR",NULL,Mark011,Nagpur,Central
Prod053,Cus022,Mark011,2017-11-02,2,949,"INR",NULL,Mark011,Nagpur,Central
Prod053,Cus017,Mark011,2017-11-03,15,4426,"INR",NULL,Mark011,Nagpur,Central
Prod053,Cus024,Mark011,2017-11-03,1,83,"INR",NULL,Mark011,Nagpur,Central
Prod053,Cus020,Mark011,2017-11-03,7,2019,"INR",NULL,Mark011,Nagpur,Central
Prod053,Cus021,Mark011,2017-11-03,30,7148,"INR",NULL,Mark011,Nagpur,Central
Prod053,Cus017,Mark011,2017-11-06,38,10981,"INR",NULL,Mark011,Nagpur,Central
Prod053,Cus019,Mark011,2017-11-06,40,12060,"INR",NULL,Mark011,Nagpur,Central
Prod053,Cus023,Mark011,2017-11-06,43,10532,"INR",NULL,Mark011,Nagpur,Central
Prod053,Cus020,Mark011,2017-11-06,45,11069,"INR",NULL,Mark011,Nagpur,Central
Prod053,Cus021,Mark011,2017-11-06,30,8574,"INR",NULL,Mark011,Nagpur,Central
Prod053,Cus022,Mark011,2017-11-06,2,949,"INR",NULL,Mark011,Nagpur,Central
Prod053,Cus019,Mark011,2017-11-07,2,907,"INR",NULL,Mark011,Nagpur,Central
Prod053,Cus023,Mark011,2017-11-07,12,3394,"INR",NULL,Mark011,Nagpur,Central
Prod053,Cus020,Mark011,2017-11-07,37,9361,"INR",NULL,Mark011,Nagpur,Central
Prod053,Cus017,Mark011,2017-11-08,12,3324,"INR",NULL,Mark011,Nagpur,Central
Prod053,Cus019,Mark011,2017-11-08,89,22713,"INR",NULL,Mark011,Nagpur,Central
Prod053,Cus020,Mark011,2017-11-08,4,926,"INR",NULL,Mark011,Nagpur,Central
Prod053,Cus025,Mark011,2017-11-08,3,769,"INR",NULL,Mark011,Nagpur,Central
Prod053,Cus021,Mark011,2017-11-08,78,20394,"INR",NULL,Mark011,Nagpur,Central
Prod053,Cus022,Mark011,2017-11-08,1,380,"INR",NULL,Mark011,Nagpur,Central
Prod053,Cus017,Mark011,2017-11-09,12,3347,"INR",NULL,Mark011,Nagpur,Central
Prod053,Cus019,Mark011,2017-11-09,7,1625,"INR",NULL,Mark011,Nagpur,Central
Prod053,Cus020,Mark011,2017-11-09,6,1278,"INR",NULL,Mark011,Nagpur,Central
Prod053,Cus022,Mark011,2017-11-09,1,190,"INR",NULL,Mark011,Nagpur,Central
Prod053,Cus017,Mark011,2017-11-10,6,1773,"INR",NULL,Mark011,Nagpur,Central
Prod053,Cus019,Mark011,2017-11-10,36,9579,"INR",NULL,Mark011,Nagpur,Central
Prod053,Cus024,Mark011,2017-11-10,8,2023,"INR",NULL,Mark011,Nagpur,Central
Prod053,Cus020,Mark011,2017-11-10,7,2139,"INR",NULL,Mark011,Nagpur,Central
Prod053,Cus021,Mark011,2017-11-10,36,8681,"INR",NULL,Mark011,Nagpur,Central
Prod053,Cus017,Mark011,2017-11-13,9,2361,"INR",NULL,Mark011,Nagpur,Central
Prod053,Cus019,Mark011,2017-11-13,15,3546,"INR",NULL,Mark011,Nagpur,Central
Prod053,Cus024,Mark011,2017-11-13,18,5315,"INR",NULL,Mark011,Nagpur,Central
Prod053,Cus020,Mark011,2017-11-13,2,431,"INR",NULL,Mark011,Nagpur,Central
Prod053,Cus022,Mark011,2017-11-13,5,1051,"INR",NULL,Mark011,Nagpur,Central
Prod053,Cus022,Mark011,2017-11-13,1,380,"INR",NULL,Mark011,Nagpur,Central
Prod053,Cus019,Mark011,2017-11-14,1,306,"INR",NULL,Mark011,Nagpur,Central
Prod053,Cus023,Mark011,2017-11-14,12,3880,"INR",NULL,Mark011,Nagpur,Central
Prod053,Cus020,Mark011,2017-11-14,8,2134,"INR",NULL,Mark011,Nagpur,Central
Prod053,Cus022,Mark011,2017-11-14,1,380,"INR",NULL,Mark011,Nagpur,Central
Prod053,Cus017,Mark011,2017-11-15,1,356,"INR",NULL,Mark011,Nagpur,Central
Prod053,Cus019,Mark011,2017-11-15,194,39366,"INR",NULL,Mark011,Nagpur,Central
Prod053,Cus023,Mark011,2017-11-15,12,3394,"INR",NULL,Mark011,Nagpur,Central
Prod053,Cus024,Mark011,2017-11-15,5,1250,"INR",NULL,Mark011,Nagpur,Central
Prod053,Cus020,Mark011,2017-11-15,3,690,"INR",NULL,Mark011,Nagpur,Central
Prod053,Cus026,Mark011,2017-11-15,1,106,"INR",NULL,Mark011,Nagpur,Central
Prod053,Cus021,Mark011,2017-11-15,18,5250,"INR",NULL,Mark011,Nagpur,Central
Prod053,Cus017,Mark011,2017-11-16,12,3708,"INR",NULL,Mark011,Nagpur,Central
Prod053,Cus019,Mark011,2017-11-16,166,34019,"INR",NULL,Mark011,Nagpur,Central
Prod053,Cus024,Mark011,2017-11-16,1,79,"INR",NULL,Mark011,Nagpur,Central
Prod053,Cus020,Mark011,2017-11-16,2,602,"INR",NULL,Mark011,Nagpur,Central
Prod053,Cus021,Mark011,2017-11-16,48,11671,"INR",NULL,Mark011,Nagpur,Central
Prod053,Cus022,Mark011,2017-11-16,1,569,"INR",NULL,Mark011,Nagpur,Central
Prod053,Cus017,Mark011,2017-11-17,9,2616,"INR",NULL,Mark011,Nagpur,Central
Prod053,Cus019,Mark011,2017-11-17,3,1009,"INR",NULL,Mark011,Nagpur,Central
Prod053,Cus020,Mark011,2017-11-17,15,3782,"INR",NULL,Mark011,Nagpur,Central
Prod053,Cus021,Mark011,2017-11-17,168,40509,"INR",NULL,Mark011,Nagpur,Central
Prod053,Cus017,Mark011,2017-11-20,12,3713,"INR",NULL,Mark011,Nagpur,Central
Prod053,Cus024,Mark011,2017-11-20,14,3500,"INR",NULL,Mark011,Nagpur,Central
Prod053,Cus021,Mark011,2017-11-20,101,26514,"INR",NULL,Mark011,Nagpur,Central
Prod053,Cus022,Mark011,2017-11-20,1,380,"INR",NULL,Mark011,Nagpur,Central
Prod053,Cus017,Mark011,2017-11-21,5,1810,"INR",NULL,Mark011,Nagpur,Central
Prod053,Cus019,Mark011,2017-11-21,3,519,"INR",NULL,Mark011,Nagpur,Central
Prod053,Cus023,Mark011,2017-11-21,12,3481,"INR",NULL,Mark011,Nagpur,Central
Prod053,Cus020,Mark011,2017-11-21,6,1815,"INR",NULL,Mark011,Nagpur,Central
Prod053,Cus017,Mark011,2017-11-22,7,2032,"INR",NULL,Mark011,Nagpur,Central
Prod053,Cus019,Mark011,2017-11-22,22,5403,"INR",NULL,Mark011,Nagpur,Central
Prod053,Cus024,Mark011,2017-11-22,6,1532,"INR",NULL,Mark011,Nagpur,Central
Prod053,Cus020,Mark011,2017-11-22,2,602,"INR",NULL,Mark011,Nagpur,Central
Prod053,Cus017,Mark011,2017-11-23,2,444,"INR",NULL,Mark011,Nagpur,Central
Prod053,Cus019,Mark011,2017-11-23,177,34958,"INR",NULL,Mark011,Nagpur,Central
Prod053,Cus024,Mark011,2017-11-23,2,463,"INR",NULL,Mark011,Nagpur,Central
Prod053,Cus018,Mark011,2017-11-23,1,269,"INR",NULL,Mark011,Nagpur,Central
Prod053,Cus020,Mark011,2017-11-23,4,1120,"INR",NULL,Mark011,Nagpur,Central
Prod053,Cus021,Mark011,2017-11-23,222,50491,"INR",NULL,Mark011,Nagpur,Central
Prod053,Cus022,Mark011,2017-11-23,4,958,"INR",NULL,Mark011,Nagpur,Central
Prod053,Cus017,Mark011,2017-11-24,23,6236,"INR",NULL,Mark011,Nagpur,Central
Prod053,Cus019,Mark011,2017-11-24,30,6500,"INR",NULL,Mark011,Nagpur,Central
Prod053,Cus018,Mark011,2017-11-24,17,4037,"INR",NULL,Mark011,Nagpur,Central
Prod053,Cus020,Mark011,2017-11-24,1,259,"INR",NULL,Mark011,Nagpur,Central
Prod053,Cus022,Mark011,2017-11-24,12,3037,"INR",NULL,Mark011,Nagpur,Central
Prod053,Cus022,Mark011,2017-11-24,1,190,"INR",NULL,Mark011,Nagpur,Central
Prod053,Cus017,Mark011,2017-11-27,24,6532,"INR",NULL,Mark011,Nagpur,Central
Prod053,Cus019,Mark011,2017-11-27,76,15440,"INR",NULL,Mark011,Nagpur,Central
Prod053,Cus023,Mark011,2017-11-27,21,4801,"INR",NULL,Mark011,Nagpur,Central
Prod053,Cus024,Mark011,2017-11-27,1,324,"INR",NULL,Mark011,Nagpur,Central
Prod053,Cus020,Mark011,2017-11-27,5,1380,"INR",NULL,Mark011,Nagpur,Central
Prod053,Cus021,Mark011,2017-11-27,98,25458,"INR",NULL,Mark011,Nagpur,Central
Prod053,Cus022,Mark011,2017-11-27,1,380,"INR",NULL,Mark011,Nagpur,Central
Prod053,Cus017,Mark011,2017-11-28,4,1194,"INR",NULL,Mark011,Nagpur,Central
Prod053,Cus019,Mark011,2017-11-28,1,134,"INR",NULL,Mark011,Nagpur,Central
Prod053,Cus024,Mark011,2017-11-28,7,1611,"INR",NULL,Mark011,Nagpur,Central
Prod053,Cus020,Mark011,2017-11-28,11,2829,"INR",NULL,Mark011,Nagpur,Central
Prod053,Cus025,Mark011,2017-11-28,4,1157,"INR",NULL,Mark011,Nagpur,Central
Prod053,Cus026,Mark011,2017-11-28,1,213,"INR",NULL,Mark011,Nagpur,Central
Prod053,Cus021,Mark011,2017-11-28,12,2894,"INR",NULL,Mark011,Nagpur,Central
Prod053,Cus019,Mark011,2017-11-29,32,9856,"INR",NULL,Mark011,Nagpur,Central
Prod053,Cus024,Mark011,2017-11-29,1,88,"INR",NULL,Mark011,Nagpur,Central
Prod053,Cus018,Mark011,2017-11-29,1,181,"INR",NULL,Mark011,Nagpur,Central
Prod053,Cus020,Mark011,2017-11-29,12,3181,"INR",NULL,Mark011,Nagpur,Central
Prod053,Cus021,Mark011,2017-11-29,21,5602,"INR",NULL,Mark011,Nagpur,Central
Prod053,Cus019,Mark011,2017-11-30,3,722,"INR",NULL,Mark011,Nagpur,Central
Prod053,Cus024,Mark011,2017-11-30,14,3500,"INR",NULL,Mark011,Nagpur,Central
Prod053,Cus020,Mark011,2017-11-30,8,1977,"INR",NULL,Mark011,Nagpur,Central
Prod053,Cus017,Mark011,2017-12-01,125,28815,"INR",NULL,Mark011,Nagpur,Central
Prod053,Cus019,Mark011,2017-12-01,12,2986,"INR",NULL,Mark011,Nagpur,Central
Prod053,Cus020,Mark011,2017-12-01,3,856,"INR",NULL,Mark011,Nagpur,Central
Prod053,Cus021,Mark011,2017-12-01,12,3500,"INR",NULL,Mark011,Nagpur,Central
Prod053,Cus017,Mark011,2017-12-04,10,3218,"INR",NULL,Mark011,Nagpur,Central
Prod053,Cus024,Mark011,2017-12-04,231,52361,"INR",NULL,Mark011,Nagpur,Central
Prod053,Cus020,Mark011,2017-12-04,14,3523,"INR",NULL,Mark011,Nagpur,Central
Prod053,Cus021,Mark011,2017-12-04,31,9472,"INR",NULL,Mark011,Nagpur,Central
Prod053,Cus022,Mark011,2017-12-04,3,1898,"INR",NULL,Mark011,Nagpur,Central
Prod053,Cus017,Mark011,2017-12-05,70,22755,"INR",NULL,Mark011,Nagpur,Central
Prod053,Cus019,Mark011,2017-12-05,1,269,"INR",NULL,Mark011,Nagpur,Central
Prod053,Cus023,Mark011,2017-12-05,1,292,"INR",NULL,Mark011,Nagpur,Central
Prod053,Cus024,Mark011,2017-12-05,5,1213,"INR",NULL,Mark011,Nagpur,Central
Prod053,Cus018,Mark011,2017-12-05,3,671,"INR",NULL,Mark011,Nagpur,Central
Prod053,Cus020,Mark011,2017-12-05,1,171,"INR",NULL,Mark011,Nagpur,Central
Prod053,Cus021,Mark011,2017-12-05,12,3500,"INR",NULL,Mark011,Nagpur,Central
Prod053,Cus017,Mark011,2017-12-06,125,33792,"INR",NULL,Mark011,Nagpur,Central
Prod053,Cus019,Mark011,2017-12-06,31,7375,"INR",NULL,Mark011,Nagpur,Central
Prod053,Cus023,Mark011,2017-12-06,12,3880,"INR",NULL,Mark011,Nagpur,Central
Prod053,Cus024,Mark011,2017-12-06,24,5449,"INR",NULL,Mark011,Nagpur,Central
Prod053,Cus020,Mark011,2017-12-06,6,1546,"INR",NULL,Mark011,Nagpur,Central
Prod053,Cus022,Mark011,2017-12-06,1,759,"INR",NULL,Mark011,Nagpur,Central
Prod053,Cus017,Mark011,2017-12-07,17,5259,"INR",NULL,Mark011,Nagpur,Central
Prod053,Cus019,Mark011,2017-12-07,61,15037,"INR",NULL,Mark011,Nagpur,Central
Prod053,Cus023,Mark011,2017-12-07,24,6792,"INR",NULL,Mark011,Nagpur,Central
Prod053,Cus024,Mark011,2017-12-07,13,5259,"INR",NULL,Mark011,Nagpur,Central
Prod053,Cus018,Mark011,2017-12-07,4,1083,"INR",NULL,Mark011,Nagpur,Central
Prod053,Cus020,Mark011,2017-12-07,43,12801,"INR",NULL,Mark011,Nagpur,Central
Prod053,Cus026,Mark011,2017-12-07,1,106,"INR",NULL,Mark011,Nagpur,Central
Prod053,Cus021,Mark011,2017-12-07,24,6653,"INR",NULL,Mark011,Nagpur,Central
Prod053,Cus022,Mark011,2017-12-07,3,875,"INR",NULL,Mark011,Nagpur,Central
Prod053,Cus017,Mark011,2017-12-11,18,4741,"INR",NULL,Mark011,Nagpur,Central
Prod053,Cus020,Mark011,2017-12-11,1,347,"INR",NULL,Mark011,Nagpur,Central
Prod053,Cus025,Mark011,2017-12-11,6,1532,"INR",NULL,Mark011,Nagpur,Central
Prod053,Cus021,Mark011,2017-12-11,6,1574,"INR",NULL,Mark011,Nagpur,Central
Prod053,Cus017,Mark011,2017-12-12,12,3542,"INR",NULL,Mark011,Nagpur,Central
Prod053,Cus019,Mark011,2017-12-12,1,208,"INR",NULL,Mark011,Nagpur,Central
Prod053,Cus024,Mark011,2017-12-12,1,259,"INR",NULL,Mark011,Nagpur,Central
Prod053,Cus020,Mark011,2017-12-12,3,694,"INR",NULL,Mark011,Nagpur,Central
Prod053,Cus021,Mark011,2017-12-12,14,3542,"INR",NULL,Mark011,Nagpur,Central
Prod053,Cus022,Mark011,2017-12-12,1,190,"INR",NULL,Mark011,Nagpur,Central
Prod053,Cus017,Mark011,2017-12-13,1,194,"INR",NULL,Mark011,Nagpur,Central
Prod053,Cus019,Mark011,2017-12-13,19,4773,"INR",NULL,Mark011,Nagpur,Central
Prod053,Cus024,Mark011,2017-12-13,15,3755,"INR",NULL,Mark011,Nagpur,Central
Prod053,Cus020,Mark011,2017-12-13,1,88,"INR",NULL,Mark011,Nagpur,Central
Prod053,Cus022,Mark011,2017-12-13,1,380,"INR",NULL,Mark011,Nagpur,Central
Prod053,Cus019,Mark011,2017-12-14,1,190,"INR",NULL,Mark011,Nagpur,Central
Prod053,Cus024,Mark011,2017-12-14,7,1727,"INR",NULL,Mark011,Nagpur,Central
Prod053,Cus022,Mark011,2017-12-14,1,380,"INR",NULL,Mark011,Nagpur,Central
Prod053,Cus017,Mark011,2017-12-15,16,4319,"INR",NULL,Mark011,Nagpur,Central
Prod053,Cus019,Mark011,2017-12-15,3,648,"INR",NULL,Mark011,Nagpur,Central
Prod053,Cus022,Mark011,2017-12-15,1,380,"INR",NULL,Mark011,Nagpur,Central
Prod053,Cus017,Mark011,2017-12-18,19,5491,"INR",NULL,Mark011,Nagpur,Central
Prod053,Cus019,Mark011,2017-12-18,3,792,"INR",NULL,Mark011,Nagpur,Central
Prod053,Cus020,Mark011,2017-12-18,6,1546,"INR",NULL,Mark011,Nagpur,Central
Prod053,Cus017,Mark011,2017-12-19,2,0,"INR",NULL,Mark011,Nagpur,Central
Prod053,Cus019,Mark011,2017-12-19,4,880,"INR",NULL,Mark011,Nagpur,Central
Prod053,Cus020,Mark011,2017-12-19,13,3356,"INR",NULL,Mark011,Nagpur,Central
Prod053,Cus021,Mark011,2017-12-19,210,46801,"INR",NULL,Mark011,Nagpur,Central
Prod053,Cus017,Mark011,2017-12-20,4,1069,"INR",NULL,Mark011,Nagpur,Central
Prod053,Cus019,Mark011,2017-12-20,16,4157,"INR",NULL,Mark011,Nagpur,Central
Prod053,Cus024,Mark011,2017-12-20,1,88,"INR",NULL,Mark011,Nagpur,Central
Prod053,Cus018,Mark011,2017-12-20,3,676,"INR",NULL,Mark011,Nagpur,Central
Prod053,Cus020,Mark011,2017-12-20,2,435,"INR",NULL,Mark011,Nagpur,Central
Prod053,Cus025,Mark011,2017-12-20,29,6593,"INR",NULL,Mark011,Nagpur,Central
Prod053,Cus021,Mark011,2017-12-20,12,2894,"INR",NULL,Mark011,Nagpur,Central
Prod053,Cus022,Mark011,2017-12-20,1,421,"INR",NULL,Mark011,Nagpur,Central
Prod053,Cus017,Mark011,2017-12-21,18,6116,"INR",NULL,Mark011,Nagpur,Central
Prod053,Cus019,Mark011,2017-12-21,18,4440,"INR",NULL,Mark011,Nagpur,Central
Prod053,Cus024,Mark011,2017-12-21,7,1653,"INR",NULL,Mark011,Nagpur,Central
Prod053,Cus018,Mark011,2017-12-21,1,255,"INR",NULL,Mark011,Nagpur,Central
Prod053,Cus020,Mark011,2017-12-21,6,1463,"INR",NULL,Mark011,Nagpur,Central
Prod053,Cus026,Mark011,2017-12-21,2,639,"INR",NULL,Mark011,Nagpur,Central
Prod053,Cus021,Mark011,2017-12-21,18,5250,"INR",NULL,Mark011,Nagpur,Central
Prod053,Cus022,Mark011,2017-12-21,1,421,"INR",NULL,Mark011,Nagpur,Central
Prod053,Cus019,Mark011,2017-12-22,6,1500,"INR",NULL,Mark011,Nagpur,Central
Prod053,Cus024,Mark011,2017-12-22,75,21602,"INR",NULL,Mark011,Nagpur,Central
Prod053,Cus020,Mark011,2017-12-22,22,7037,"INR",NULL,Mark011,Nagpur,Central
Prod053,Cus021,Mark011,2017-12-22,33,8023,"INR",NULL,Mark011,Nagpur,Central
Prod053,Cus022,Mark011,2017-12-25,1,213,"INR",NULL,Mark011,Nagpur,Central
Prod053,Cus019,Mark011,2017-12-27,22,5153,"INR",NULL,Mark011,Nagpur,Central
Prod053,Cus024,Mark011,2017-12-27,1,153,"INR",NULL,Mark011,Nagpur,Central
Prod053,Cus018,Mark011,2017-12-27,1,356,"INR",NULL,Mark011,Nagpur,Central
Prod053,Cus020,Mark011,2017-12-27,3,690,"INR",NULL,Mark011,Nagpur,Central
Prod053,Cus017,Mark011,2017-12-28,45,13148,"INR",NULL,Mark011,Nagpur,Central
Prod053,Cus019,Mark011,2017-12-28,45,9431,"INR",NULL,Mark011,Nagpur,Central
Prod053,Cus024,Mark011,2017-12-28,27,7032,"INR",NULL,Mark011,Nagpur,Central
Prod053,Cus020,Mark011,2017-12-28,27,6870,"INR",NULL,Mark011,Nagpur,Central
Prod053,Cus021,Mark011,2017-12-28,36,9750,"INR",NULL,Mark011,Nagpur,Central
Prod053,Cus019,Mark011,2017-12-29,4,1042,"INR",NULL,Mark011,Nagpur,Central
Prod053,Cus024,Mark011,2017-12-29,8,2352,"INR",NULL,Mark011,Nagpur,Central
Prod053,Cus018,Mark011,2017-12-29,1,255,"INR",NULL,Mark011,Nagpur,Central
Prod053,Cus020,Mark011,2017-12-29,2,435,"INR",NULL,Mark011,Nagpur,Central
Prod053,Cus026,Mark011,2017-12-29,1,213,"INR",NULL,Mark011,Nagpur,Central
Prod053,Cus021,Mark011,2017-12-29,90,21861,"INR",NULL,Mark011,Nagpur,Central
Prod053,Cus017,Mark011,2018-01-01,3,731,"INR",NULL,Mark011,Nagpur,Central
Prod053,Cus024,Mark011,2018-01-01,1,347,"INR",NULL,Mark011,Nagpur,Central
Prod053,Cus022,Mark011,2018-01-01,1,213,"INR",NULL,Mark011,Nagpur,Central
Prod053,Cus017,Mark011,2018-01-02,84,21764,"INR",NULL,Mark011,Nagpur,Central
Prod053,Cus019,Mark011,2018-01-02,2,440,"INR",NULL,Mark011,Nagpur,Central
Prod053,Cus023,Mark011,2018-01-02,12,3394,"INR",NULL,Mark011,Nagpur,Central
Prod053,Cus024,Mark011,2018-01-02,5,1569,"INR",NULL,Mark011,Nagpur,Central
Prod053,Cus018,Mark011,2018-01-02,1,269,"INR",NULL,Mark011,Nagpur,Central
Prod053,Cus020,Mark011,2018-01-02,63,16241,"INR",NULL,Mark011,Nagpur,Central
Prod053,Cus021,Mark011,2018-01-02,168,36009,"INR",NULL,Mark011,Nagpur,Central
Prod053,Cus022,Mark011,2018-01-02,12,3037,"INR",NULL,Mark011,Nagpur,Central
Prod053,Cus017,Mark011,2018-01-03,86,19153,"INR",NULL,Mark011,Nagpur,Central
Prod053,Cus019,Mark011,2018-01-03,4,1301,"INR",NULL,Mark011,Nagpur,Central
Prod053,Cus024,Mark011,2018-01-03,15,3903,"INR",NULL,Mark011,Nagpur,Central
Prod053,Cus020,Mark011,2018-01-03,3,778,"INR",NULL,Mark011,Nagpur,Central
Prod053,Cus019,Mark011,2018-01-04,21,5579,"INR",NULL,Mark011,Nagpur,Central
Prod053,Cus024,Mark011,2018-01-04,19,4213,"INR",NULL,Mark011,Nagpur,Central
Prod053,Cus017,Mark011,2018-01-05,94,24833,"INR",NULL,Mark011,Nagpur,Central
Prod053,Cus019,Mark011,2018-01-05,7,1681,"INR",NULL,Mark011,Nagpur,Central
Prod053,Cus018,Mark011,2018-01-05,19,4130,"INR",NULL,Mark011,Nagpur,Central
Prod053,Cus020,Mark011,2018-01-05,8,2148,"INR",NULL,Mark011,Nagpur,Central
Prod053,Cus021,Mark011,2018-01-05,193,49819,"INR",NULL,Mark011,Nagpur,Central
Prod053,Cus022,Mark011,2018-01-05,3,935,"INR",NULL,Mark011,Nagpur,Central
Prod053,Cus017,Mark011,2018-01-07,8,2301,"INR",NULL,Mark011,Nagpur,Central
Prod053,Cus017,Mark011,2018-01-08,6,1903,"INR",NULL,Mark011,Nagpur,Central
Prod053,Cus019,Mark011,2018-01-08,5,1181,"INR",NULL,Mark011,Nagpur,Central
Prod053,Cus024,Mark011,2018-01-08,12,2759,"INR",NULL,Mark011,Nagpur,Central
Prod053,Cus018,Mark011,2018-01-08,1,338,"INR",NULL,Mark011,Nagpur,Central
Prod053,Cus020,Mark011,2018-01-08,1,88,"INR",NULL,Mark011,Nagpur,Central
Prod053,Cus021,Mark011,2018-01-08,165,42398,"INR",NULL,Mark011,Nagpur,Central
Prod053,Cus022,Mark011,2018-01-08,1,847,"INR",NULL,Mark011,Nagpur,Central
Prod053,Cus019,Mark011,2018-01-09,5,1319,"INR",NULL,Mark011,Nagpur,Central
Prod053,Cus020,Mark011,2018-01-09,1,347,"INR",NULL,Mark011,Nagpur,Central
Prod053,Cus021,Mark011,2018-01-09,168,40509,"INR",NULL,Mark011,Nagpur,Central
Prod053,Cus019,Mark011,2018-01-10,6,1551,"INR",NULL,Mark011,Nagpur,Central
Prod053,Cus023,Mark011,2018-01-10,1,190,"INR",NULL,Mark011,Nagpur,Central
Prod053,Cus024,Mark011,2018-01-10,42,10921,"INR",NULL,Mark011,Nagpur,Central
Prod053,Cus020,Mark011,2018-01-10,66,16921,"INR",NULL,Mark011,Nagpur,Central
Prod053,Cus028,Mark011,2018-01-10,6,2366,"INR",NULL,Mark011,Nagpur,Central
Prod053,Cus022,Mark011,2018-01-10,1,264,"INR",NULL,Mark011,Nagpur,Central
Prod053,Cus029,Mark011,2018-01-10,1,264,"INR",NULL,Mark011,Nagpur,Central
Prod053,Cus017,Mark011,2018-01-11,21,6139,"INR",NULL,Mark011,Nagpur,Central
Prod053,Cus020,Mark011,2018-01-11,11,3176,"INR",NULL,Mark011,Nagpur,Central
Prod053,Cus021,Mark011,2018-01-11,24,5718,"INR",NULL,Mark011,Nagpur,Central
Prod053,Cus017,Mark011,2018-01-12,3,769,"INR",NULL,Mark011,Nagpur,Central
Prod053,Cus019,Mark011,2018-01-12,2,685,"INR",NULL,Mark011,Nagpur,Central
Prod053,Cus024,Mark011,2018-01-12,24,6241,"INR",NULL,Mark011,Nagpur,Central
Prod053,Cus018,Mark011,2018-01-12,18,4130,"INR",NULL,Mark011,Nagpur,Central
Prod053,Cus017,Mark011,2018-01-15,12,3407,"INR",NULL,Mark011,Nagpur,Central
Prod053,Cus019,Mark011,2018-01-15,23,5569,"INR",NULL,Mark011,Nagpur,Central
Prod053,Cus020,Mark011,2018-01-15,1,171,"INR",NULL,Mark011,Nagpur,Central
Prod053,Cus021,Mark011,2018-01-15,12,3500,"INR",NULL,Mark011,Nagpur,Central
Prod053,Cus022,Mark011,2018-01-15,1,634,"INR",NULL,Mark011,Nagpur,Central
Prod053,Cus017,Mark011,2018-01-16,6,2037,"INR",NULL,Mark011,Nagpur,Central
Prod053,Cus019,Mark011,2018-01-16,15,3625,"INR",NULL,Mark011,Nagpur,Central
Prod053,Cus020,Mark011,2018-01-16,2,431,"INR",NULL,Mark011,Nagpur,Central
Prod053,Cus022,Mark011,2018-01-16,1,310,"INR",NULL,Mark011,Nagpur,Central
Prod053,Cus017,Mark011,2018-01-17,11,3736,"INR",NULL,Mark011,Nagpur,Central
Prod053,Cus019,Mark011,2018-01-17,41,10259,"INR",NULL,Mark011,Nagpur,Central
Prod053,Cus020,Mark011,2018-01-17,1,259,"INR",NULL,Mark011,Nagpur,Central
Prod053,Cus021,Mark011,2018-01-17,6,1606,"INR",NULL,Mark011,Nagpur,Central
Prod053,Cus019,Mark011,2018-01-18,4,940,"INR",NULL,Mark011,Nagpur,Central
Prod053,Cus024,Mark011,2018-01-18,14,3500,"INR",NULL,Mark011,Nagpur,Central
Prod053,Cus020,Mark011,2018-01-18,92,21634,"INR",NULL,Mark011,Nagpur,Central
Prod053,Cus021,Mark011,2018-01-18,6,1731,"INR",NULL,Mark011,Nagpur,Central
Prod053,Cus017,Mark011,2018-01-19,9,2616,"INR",NULL,Mark011,Nagpur,Central
Prod053,Cus019,Mark011,2018-01-19,9,2060,"INR",NULL,Mark011,Nagpur,Central
Prod053,Cus020,Mark011,2018-01-19,9,2319,"INR",NULL,Mark011,Nagpur,Central
Prod053,Cus019,Mark011,2018-01-21,8,1764,"INR",NULL,Mark011,Nagpur,Central
Prod053,Cus017,Mark011,2018-01-22,12,4079,"INR",NULL,Mark011,Nagpur,Central
Prod053,Cus019,Mark011,2018-01-22,26,6861,"INR",NULL,Mark011,Nagpur,Central
Prod053,Cus024,Mark011,2018-01-22,4,954,"INR",NULL,Mark011,Nagpur,Central
Prod053,Cus020,Mark011,2018-01-22,13,3472,"INR",NULL,Mark011,Nagpur,Central
Prod053,Cus021,Mark011,2018-01-22,24,7000,"INR",NULL,Mark011,Nagpur,Central
Prod053,Cus022,Mark011,2018-01-22,2,1486,"INR",NULL,Mark011,Nagpur,Central
Prod053,Cus017,Mark011,2018-01-23,12,3093,"INR",NULL,Mark011,Nagpur,Central
Prod053,Cus019,Mark011,2018-01-23,19,4375,"INR",NULL,Mark011,Nagpur,Central
Prod053,Cus024,Mark011,2018-01-23,6,1560,"INR",NULL,Mark011,Nagpur,Central
Prod053,Cus020,Mark011,2018-01-23,6,1463,"INR",NULL,Mark011,Nagpur,Central
Prod053,Cus017,Mark011,2018-01-24,9,2787,"INR",NULL,Mark011,Nagpur,Central
Prod053,Cus019,Mark011,2018-01-24,48,11338,"INR",NULL,Mark011,Nagpur,Central
Prod053,Cus023,Mark011,2018-01-24,6,1968,"INR",NULL,Mark011,Nagpur,Central
Prod053,Cus024,Mark011,2018-01-24,9,2333,"INR",NULL,Mark011,Nagpur,Central
Prod053,Cus020,Mark011,2018-01-24,10,2491,"INR",NULL,Mark011,Nagpur,Central
Prod053,Cus021,Mark011,2018-01-24,84,18005,"INR",NULL,Mark011,Nagpur,Central
Prod053,Cus019,Mark011,2018-01-25,13,3120,"INR",NULL,Mark011,Nagpur,Central
Prod053,Cus024,Mark011,2018-01-25,1,171,"INR",NULL,Mark011,Nagpur,Central
Prod053,Cus020,Mark011,2018-01-25,3,694,"INR",NULL,Mark011,Nagpur,Central
Prod053,Cus022,Mark011,2018-01-25,1,421,"INR",NULL,Mark011,Nagpur,Central
Prod053,Cus017,Mark011,2018-01-26,41,11630,"INR",NULL,Mark011,Nagpur,Central
Prod053,Cus019,Mark011,2018-01-26,1,194,"INR",NULL,Mark011,Nagpur,Central
Prod053,Cus024,Mark011,2018-01-26,2,431,"INR",NULL,Mark011,Nagpur,Central
Prod053,Cus020,Mark011,2018-01-26,12,3181,"INR",NULL,Mark011,Nagpur,Central
Prod053,Cus021,Mark011,2018-01-26,18,6097,"INR",NULL,Mark011,Nagpur,Central
Prod053,Cus022,Mark011,2018-01-26,1,213,"INR",NULL,Mark011,Nagpur,Central
Prod053,Cus017,Mark011,2018-01-29,29,8264,"INR",NULL,Mark011,Nagpur,Central
Prod053,Cus019,Mark011,2018-01-29,1,199,"INR",NULL,Mark011,Nagpur,Central
Prod053,Cus020,Mark011,2018-01-29,25,7648,"INR",NULL,Mark011,Nagpur,Central
Prod053,Cus021,Mark011,2018-01-29,24,5718,"INR",NULL,Mark011,Nagpur,Central
Prod053,Cus022,Mark011,2018-01-29,1,634,"INR",NULL,Mark011,Nagpur,Central
Prod053,Cus019,Mark011,2018-01-30,7,1639,"INR",NULL,Mark011,Nagpur,Central
Prod053,Cus023,Mark011,2018-01-30,24,6537,"INR",NULL,Mark011,Nagpur,Central
Prod053,Cus024,Mark011,2018-01-30,3,690,"INR",NULL,Mark011,Nagpur,Central
Prod053,Cus020,Mark011,2018-01-30,10,2662,"INR",NULL,Mark011,Nagpur,Central
Prod053,Cus021,Mark011,2018-01-30,13,3500,"INR",NULL,Mark011,Nagpur,Central
Prod053,Cus017,Mark011,2018-01-31,18,6116,"INR",NULL,Mark011,Nagpur,Central
Prod053,Cus019,Mark011,2018-01-31,37,9245,"INR",NULL,Mark011,Nagpur,Central
Prod053,Cus020,Mark011,2018-01-31,10,2495,"INR",NULL,Mark011,Nagpur,Central
Prod053,Cus021,Mark011,2018-01-31,13,3083,"INR",NULL,Mark011,Nagpur,Central
Prod053,Cus022,Mark011,2018-01-31,1,634,"INR",NULL,Mark011,Nagpur,Central
Prod053,Cus017,Mark011,2018-02-01,7,1838,"INR",NULL,Mark011,Nagpur,Central
Prod053,Cus019,Mark011,2018-02-01,1,403,"INR",NULL,Mark011,Nagpur,Central
Prod053,Cus024,Mark011,2018-02-01,2,431,"INR",NULL,Mark011,Nagpur,Central
Prod053,Cus020,Mark011,2018-02-01,3,694,"INR",NULL,Mark011,Nagpur,Central
Prod053,Cus021,Mark011,2018-02-01,12,2972,"INR",NULL,Mark011,Nagpur,Central
Prod053,Cus022,Mark011,2018-02-01,1,213,"INR",NULL,Mark011,Nagpur,Central
Prod053,Cus017,Mark011,2018-02-02,12,3278,"INR",NULL,Mark011,Nagpur,Central
Prod053,Cus019,Mark011,2018-02-02,74,16144,"INR",NULL,Mark011,Nagpur,Central
Prod053,Cus024,Mark011,2018-02-02,15,3866,"INR",NULL,Mark011,Nagpur,Central
Prod053,Cus020,Mark011,2018-02-02,16,4125,"INR",NULL,Mark011,Nagpur,Central
Prod053,Cus029,Mark011,2018-02-02,6,1657,"INR",NULL,Mark011,Nagpur,Central
Prod053,Cus017,Mark011,2018-02-05,12,3398,"INR",NULL,Mark011,Nagpur,Central
Prod053,Cus019,Mark011,2018-02-05,2,389,"INR",NULL,Mark011,Nagpur,Central
Prod053,Cus018,Mark011,2018-02-05,3,671,"INR",NULL,Mark011,Nagpur,Central
Prod053,Cus020,Mark011,2018-02-05,50,11731,"INR",NULL,Mark011,Nagpur,Central
Prod053,Cus021,Mark011,2018-02-05,36,8681,"INR",NULL,Mark011,Nagpur,Central
Prod053,Cus022,Mark011,2018-02-05,2,1060,"INR",NULL,Mark011,Nagpur,Central
Prod053,Cus017,Mark011,2018-02-06,3,1134,"INR",NULL,Mark011,Nagpur,Central
Prod053,Cus019,Mark011,2018-02-06,4,856,"INR",NULL,Mark011,Nagpur,Central
Prod053,Cus020,Mark011,2018-02-06,2,435,"INR",NULL,Mark011,Nagpur,Central
Prod053,Cus021,Mark011,2018-02-06,209,46671,"INR",NULL,Mark011,Nagpur,Central
Prod053,Cus017,Mark011,2018-02-07,6,1486,"INR",NULL,Mark011,Nagpur,Central
Prod053,Cus019,Mark011,2018-02-07,25,7083,"INR",NULL,Mark011,Nagpur,Central
Prod053,Cus023,Mark011,2018-02-07,5,1477,"INR",NULL,Mark011,Nagpur,Central
Prod053,Cus024,Mark011,2018-02-07,6,1421,"INR",NULL,Mark011,Nagpur,Central
Prod053,Cus020,Mark011,2018-02-07,6,1468,"INR",NULL,Mark011,Nagpur,Central
Prod053,Cus021,Mark011,2018-02-07,18,4287,"INR",NULL,Mark011,Nagpur,Central
Prod053,Cus017,Mark011,2018-02-08,39,10880,"INR",NULL,Mark011,Nagpur,Central
Prod053,Cus019,Mark011,2018-02-08,2,505,"INR",NULL,Mark011,Nagpur,Central
Prod053,Cus023,Mark011,2018-02-08,1,125,"INR",NULL,Mark011,Nagpur,Central
Prod053,Cus020,Mark011,2018-02-08,13,3144,"INR",NULL,Mark011,Nagpur,Central
Prod053,Cus021,Mark011,2018-02-08,84,20255,"INR",NULL,Mark011,Nagpur,Central
Prod053,Cus017,Mark011,2018-02-09,13,3324,"INR",NULL,Mark011,Nagpur,Central
Prod053,Cus019,Mark011,2018-02-09,6,1403,"INR",NULL,Mark011,Nagpur,Central
Prod053,Cus024,Mark011,2018-02-09,25,6412,"INR",NULL,Mark011,Nagpur,Central
Prod053,Cus020,Mark011,2018-02-09,17,4134,"INR",NULL,Mark011,Nagpur,Central
Prod053,Cus021,Mark011,2018-02-09,90,23954,"INR",NULL,Mark011,Nagpur,Central
Prod053,Cus017,Mark011,2018-02-12,49,13787,"INR",NULL,Mark011,Nagpur,Central
Prod053,Cus019,Mark011,2018-02-12,1,194,"INR",NULL,Mark011,Nagpur,Central
Prod053,Cus024,Mark011,2018-02-12,1,259,"INR",NULL,Mark011,Nagpur,Central
Prod053,Cus020,Mark011,2018-02-12,26,6579,"INR",NULL,Mark011,Nagpur,Central
Prod053,Cus022,Mark011,2018-02-12,1,157,"INR",NULL,Mark011,Nagpur,Central
Prod053,Cus017,Mark011,2018-02-13,60,16991,"INR",NULL,Mark011,Nagpur,Central
Prod053,Cus019,Mark011,2018-02-13,23,6005,"INR",NULL,Mark011,Nagpur,Central
Prod053,Cus024,Mark011,2018-02-13,12,1792,"INR",NULL,Mark011,Nagpur,Central
Prod053,Cus018,Mark011,2018-02-13,1,338,"INR",NULL,Mark011,Nagpur,Central
Prod053,Cus020,Mark011,2018-02-13,7,1856,"INR",NULL,Mark011,Nagpur,Central
Prod053,Cus021,Mark011,2018-02-13,12,3153,"INR",NULL,Mark011,Nagpur,Central
Prod053,Cus019,Mark011,2018-02-14,10,2986,"INR",NULL,Mark011,Nagpur,Central
Prod053,Cus020,Mark011,2018-02-14,11,2759,"INR",NULL,Mark011,Nagpur,Central
Prod053,Cus017,Mark011,2018-02-15,12,3250,"INR",NULL,Mark011,Nagpur,Central
Prod053,Cus019,Mark011,2018-02-15,9,2176,"INR",NULL,Mark011,Nagpur,Central
Prod053,Cus023,Mark011,2018-02-15,1,245,"INR",NULL,Mark011,Nagpur,Central
Prod053,Cus024,Mark011,2018-02-15,2,426,"INR",NULL,Mark011,Nagpur,Central
Prod053,Cus020,Mark011,2018-02-15,7,1736,"INR",NULL,Mark011,Nagpur,Central
Prod053,Cus021,Mark011,2018-02-15,6,1606,"INR",NULL,Mark011,Nagpur,Central
Prod053,Cus017,Mark011,2018-02-16,12,3542,"INR",NULL,Mark011,Nagpur,Central
Prod053,Cus019,Mark011,2018-02-16,3,690,"INR",NULL,Mark011,Nagpur,Central
Prod053,Cus020,Mark011,2018-02-16,1,88,"INR",NULL,Mark011,Nagpur,Central
Prod053,Cus017,Mark011,2018-02-19,15,4250,"INR",NULL,Mark011,Nagpur,Central
Prod053,Cus019,Mark011,2018-02-19,15,4519,"INR",NULL,Mark011,Nagpur,Central
Prod053,Cus018,Mark011,2018-02-19,3,671,"INR",NULL,Mark011,Nagpur,Central
Prod053,Cus020,Mark011,2018-02-19,9,2319,"INR",NULL,Mark011,Nagpur,Central
Prod053,Cus021,Mark011,2018-02-19,25,7514,"INR",NULL,Mark011,Nagpur,Central
Prod053,Cus019,Mark011,2018-02-20,2,500,"INR",NULL,Mark011,Nagpur,Central
Prod053,Cus024,Mark011,2018-02-20,9,2333,"INR",NULL,Mark011,Nagpur,Central
Prod053,Cus018,Mark011,2018-02-20,2,421,"INR",NULL,Mark011,Nagpur,Central
Prod053,Cus020,Mark011,2018-02-20,6,1639,"INR",NULL,Mark011,Nagpur,Central
Prod053,Cus021,Mark011,2018-02-20,6,1519,"INR",NULL,Mark011,Nagpur,Central
Prod053,Cus022,Mark011,2018-02-20,1,472,"INR",NULL,Mark011,Nagpur,Central
Prod053,Cus029,Mark011,2018-02-20,8,1792,"INR",NULL,Mark011,Nagpur,Central
Prod053,Cus017,Mark011,2018-02-21,40,10366,"INR",NULL,Mark011,Nagpur,Central
Prod053,Cus019,Mark011,2018-02-21,31,8838,"INR",NULL,Mark011,Nagpur,Central
Prod053,Cus020,Mark011,2018-02-21,3,778,"INR",NULL,Mark011,Nagpur,Central
Prod053,Cus026,Mark011,2018-02-21,1,319,"INR",NULL,Mark011,Nagpur,Central
Prod053,Cus021,Mark011,2018-02-21,12,3153,"INR",NULL,Mark011,Nagpur,Central
Prod053,Cus022,Mark011,2018-02-21,1,157,"INR",NULL,Mark011,Nagpur,Central
Prod053,Cus019,Mark011,2018-02-22,1,148,"INR",NULL,Mark011,Nagpur,Central
Prod053,Cus023,Mark011,2018-02-22,1,245,"INR",NULL,Mark011,Nagpur,Central
Prod053,Cus024,Mark011,2018-02-22,6,2644,"INR",NULL,Mark011,Nagpur,Central
Prod053,Cus018,Mark011,2018-02-22,3,843,"INR",NULL,Mark011,Nagpur,Central
Prod053,Cus020,Mark011,2018-02-22,1,347,"INR",NULL,Mark011,Nagpur,Central
Prod053,Cus021,Mark011,2018-02-22,24,6653,"INR",NULL,Mark011,Nagpur,Central
Prod053,Cus022,Mark011,2018-02-22,1,171,"INR",NULL,Mark011,Nagpur,Central
Prod053,Cus017,Mark011,2018-02-23,6,1773,"INR",NULL,Mark011,Nagpur,Central
Prod053,Cus019,Mark011,2018-02-23,1,199,"INR",NULL,Mark011,Nagpur,Central
Prod053,Cus020,Mark011,2018-02-23,13,3356,"INR",NULL,Mark011,Nagpur,Central
Prod053,Cus021,Mark011,2018-02-23,90,21699,"INR",NULL,Mark011,Nagpur,Central
Prod053,Cus019,Mark011,2018-02-26,13,2995,"INR",NULL,Mark011,Nagpur,Central
Prod053,Cus024,Mark011,2018-02-26,6,1532,"INR",NULL,Mark011,Nagpur,Central
Prod053,Cus020,Mark011,2018-02-26,1,259,"INR",NULL,Mark011,Nagpur,Central
Prod053,Cus021,Mark011,2018-02-26,12,3208,"INR",NULL,Mark011,Nagpur,Central
Prod053,Cus019,Mark011,2018-02-27,2,380,"INR",NULL,Mark011,Nagpur,Central
Prod053,Cus023,Mark011,2018-02-27,12,3731,"INR",NULL,Mark011,Nagpur,Central
Prod053,Cus020,Mark011,2018-02-27,3,690,"INR",NULL,Mark011,Nagpur,Central
Prod053,Cus025,Mark011,2018-02-27,1,190,"INR",NULL,Mark011,Nagpur,Central
Prod053,Cus021,Mark011,2018-02-27,18,4676,"INR",NULL,Mark011,Nagpur,Central
Prod053,Cus017,Mark011,2018-02-28,14,4921,"INR",NULL,Mark011,Nagpur,Central
Prod053,Cus019,Mark011,2018-02-28,22,5532,"INR",NULL,Mark011,Nagpur,Central
Prod053,Cus024,Mark011,2018-02-28,3,694,"INR",NULL,Mark011,Nagpur,Central
Prod053,Cus020,Mark011,2018-02-28,6,1458,"INR",NULL,Mark011,Nagpur,Central
Prod053,Cus021,Mark011,2018-02-28,12,3153,"INR",NULL,Mark011,Nagpur,Central
Prod053,Cus017,Mark011,2018-03-01,27,7472,"INR",NULL,Mark011,Nagpur,Central
Prod053,Cus019,Mark011,2018-03-01,7,1639,"INR",NULL,Mark011,Nagpur,Central
Prod053,Cus024,Mark011,2018-03-01,11,2681,"INR",NULL,Mark011,Nagpur,Central
Prod053,Cus020,Mark011,2018-03-01,2,477,"INR",NULL,Mark011,Nagpur,Central
Prod053,Cus017,Mark011,2018-03-02,9,3171,"INR",NULL,Mark011,Nagpur,Central
Prod053,Cus019,Mark011,2018-03-02,15,3421,"INR",NULL,Mark011,Nagpur,Central
Prod053,Cus024,Mark011,2018-03-02,25,6588,"INR",NULL,Mark011,Nagpur,Central
Prod053,Cus021,Mark011,2018-03-02,6,1449,"INR",NULL,Mark011,Nagpur,Central
Prod053,Cus022,Mark011,2018-03-02,24,6745,"INR",NULL,Mark011,Nagpur,Central
Prod053,Cus017,Mark011,2018-03-05,1,481,"INR",NULL,Mark011,Nagpur,Central
Prod053,Cus019,Mark011,2018-03-05,27,6796,"INR",NULL,Mark011,Nagpur,Central
Prod053,Cus023,Mark011,2018-03-05,4,1056,"INR",NULL,Mark011,Nagpur,Central
Prod053,Cus024,Mark011,2018-03-05,2,519,"INR",NULL,Mark011,Nagpur,Central
Prod053,Cus021,Mark011,2018-03-05,95,25514,"INR",NULL,Mark011,Nagpur,Central
Prod053,Cus022,Mark011,2018-03-05,1,157,"INR",NULL,Mark011,Nagpur,Central
Prod053,Cus019,Mark011,2018-03-06,2,468,"INR",NULL,Mark011,Nagpur,Central
Prod053,Cus024,Mark011,2018-03-06,1,171,"INR",NULL,Mark011,Nagpur,Central
Prod053,Cus020,Mark011,2018-03-06,15,3949,"INR",NULL,Mark011,Nagpur,Central
Prod053,Cus017,Mark011,2018-03-07,23,5787,"INR",NULL,Mark011,Nagpur,Central
Prod053,Cus019,Mark011,2018-03-07,16,3824,"INR",NULL,Mark011,Nagpur,Central
Prod053,Cus024,Mark011,2018-03-07,1,83,"INR",NULL,Mark011,Nagpur,Central
Prod053,Cus020,Mark011,2018-03-07,32,7565,"INR",NULL,Mark011,Nagpur,Central
Prod053,Cus021,Mark011,2018-03-07,222,54079,"INR",NULL,Mark011,Nagpur,Central
Prod053,Cus022,Mark011,2018-03-07,1,157,"INR",NULL,Mark011,Nagpur,Central
Prod053,Cus017,Mark011,2018-03-08,12,3153,"INR",NULL,Mark011,Nagpur,Central
Prod053,Cus019,Mark011,2018-03-08,125,22690,"INR",NULL,Mark011,Nagpur,Central
Prod053,Cus018,Mark011,2018-03-08,79,18167,"INR",NULL,Mark011,Nagpur,Central
Prod053,Cus020,Mark011,2018-03-08,40,9611,"INR",NULL,Mark011,Nagpur,Central
Prod053,Cus021,Mark011,2018-03-08,6,1606,"INR",NULL,Mark011,Nagpur,Central
Prod053,Cus017,Mark011,2018-03-09,12,3407,"INR",NULL,Mark011,Nagpur,Central
Prod053,Cus019,Mark011,2018-03-09,8,1722,"INR",NULL,Mark011,Nagpur,Central
Prod053,Cus023,Mark011,2018-03-09,1,370,"INR",NULL,Mark011,Nagpur,Central
Prod053,Cus018,Mark011,2018-03-09,17,4037,"INR",NULL,Mark011,Nagpur,Central
Prod053,Cus020,Mark011,2018-03-09,18,4130,"INR",NULL,Mark011,Nagpur,Central
Prod053,Cus017,Mark011,2018-03-10,3,838,"INR",NULL,Mark011,Nagpur,Central
Prod053,Cus017,Mark011,2018-03-12,1,384,"INR",NULL,Mark011,Nagpur,Central
Prod053,Cus019,Mark011,2018-03-12,8,1884,"INR",NULL,Mark011,Nagpur,Central
Prod053,Cus024,Mark011,2018-03-12,1,171,"INR",NULL,Mark011,Nagpur,Central
Prod053,Cus018,Mark011,2018-03-12,9,2019,"INR",NULL,Mark011,Nagpur,Central
Prod053,Cus020,Mark011,2018-03-12,27,6204,"INR",NULL,Mark011,Nagpur,Central
Prod053,Cus021,Mark011,2018-03-12,33,8023,"INR",NULL,Mark011,Nagpur,Central
Prod053,Cus022,Mark011,2018-03-12,1,157,"INR",NULL,Mark011,Nagpur,Central
Prod053,Cus017,Mark011,2018-03-13,60,16991,"INR",NULL,Mark011,Nagpur,Central
Prod053,Cus019,Mark011,2018-03-13,5,1056,"INR",NULL,Mark011,Nagpur,Central
Prod053,Cus018,Mark011,2018-03-13,1,167,"INR",NULL,Mark011,Nagpur,Central
Prod053,Cus020,Mark011,2018-03-13,28,6431,"INR",NULL,Mark011,Nagpur,Central
Prod053,Cus026,Mark011,2018-03-13,1,106,"INR",NULL,Mark011,Nagpur,Central
Prod053,Cus019,Mark011,2018-03-14,13,3269,"INR",NULL,Mark011,Nagpur,Central
Prod053,Cus024,Mark011,2018-03-14,18,5676,"INR",NULL,Mark011,Nagpur,Central
Prod053,Cus020,Mark011,2018-03-14,16,3806,"INR",NULL,Mark011,Nagpur,Central
Prod053,Cus026,Mark011,2018-03-14,1,106,"INR",NULL,Mark011,Nagpur,Central
Prod053,Cus021,Mark011,2018-03-14,42,11028,"INR",NULL,Mark011,Nagpur,Central
Prod053,Cus022,Mark011,2018-03-14,1,157,"INR",NULL,Mark011,Nagpur,Central
Prod053,Cus017,Mark011,2018-03-15,84,23782,"INR",NULL,Mark011,Nagpur,Central
Prod053,Cus019,Mark011,2018-03-15,1,83,"INR",NULL,Mark011,Nagpur,Central
Prod053,Cus024,Mark011,2018-03-15,14,3500,"INR",NULL,Mark011,Nagpur,Central
Prod053,Cus020,Mark011,2018-03-15,19,4227,"INR",NULL,Mark011,Nagpur,Central
Prod053,Cus021,Mark011,2018-03-15,6,1606,"INR",NULL,Mark011,Nagpur,Central
Prod053,Cus017,Mark011,2018-03-16,11,2977,"INR",NULL,Mark011,Nagpur,Central
Prod053,Cus019,Mark011,2018-03-16,17,3792,"INR",NULL,Mark011,Nagpur,Central
Prod053,Cus020,Mark011,2018-03-16,10,2199,"INR",NULL,Mark011,Nagpur,Central
Prod053,Cus017,Mark011,2018-03-19,42,11894,"INR",NULL,Mark011,Nagpur,Central
Prod053,Cus019,Mark011,2018-03-19,21,6019,"INR",NULL,Mark011,Nagpur,Central
Prod053,Cus024,Mark011,2018-03-19,1,88,"INR",NULL,Mark011,Nagpur,Central
Prod053,Cus020,Mark011,2018-03-19,4,894,"INR",NULL,Mark011,Nagpur,Central
Prod053,Cus022,Mark011,2018-03-19,1,282,"INR",NULL,Mark011,Nagpur,Central
Prod053,Cus017,Mark011,2018-03-20,31,8787,"INR",NULL,Mark011,Nagpur,Central
Prod053,Cus024,Mark011,2018-03-20,1,259,"INR",NULL,Mark011,Nagpur,Central
Prod053,Cus020,Mark011,2018-03-20,1,148,"INR",NULL,Mark011,Nagpur,Central
Prod053,Cus021,Mark011,2018-03-20,37,9583,"INR",NULL,Mark011,Nagpur,Central
Prod053,Cus019,Mark011,2018-03-21,14,3431,"INR",NULL,Mark011,Nagpur,Central
Prod053,Cus020,Mark011,2018-03-21,7,1593,"INR",NULL,Mark011,Nagpur,Central
Prod053,Cus021,Mark011,2018-03-21,2,505,"INR",NULL,Mark011,Nagpur,Central
Prod053,Cus028,Mark011,2018-03-21,6,2366,"INR",NULL,Mark011,Nagpur,Central
Prod053,Cus017,Mark011,2018-03-22,6,1546,"INR",NULL,Mark011,Nagpur,Central
Prod053,Cus019,Mark011,2018-03-22,1,83,"INR",NULL,Mark011,Nagpur,Central
Prod053,Cus024,Mark011,2018-03-22,1,171,"INR",NULL,Mark011,Nagpur,Central
Prod053,Cus020,Mark011,2018-03-22,1,83,"INR",NULL,Mark011,Nagpur,Central
Prod053,Cus021,Mark011,2018-03-22,12,2894,"INR",NULL,Mark011,Nagpur,Central
Prod053,Cus019,Mark011,2018-03-23,19,4810,"INR",NULL,Mark011,Nagpur,Central
Prod053,Cus024,Mark011,2018-03-23,20,5032,"INR",NULL,Mark011,Nagpur,Central
Prod053,Cus020,Mark011,2018-03-23,4,903,"INR",NULL,Mark011,Nagpur,Central
Prod053,Cus021,Mark011,2018-03-23,168,40509,"INR",NULL,Mark011,Nagpur,Central
Prod053,Cus024,Mark011,2018-03-26,3,782,"INR",NULL,Mark011,Nagpur,Central
Prod053,Cus020,Mark011,2018-03-26,26,6477,"INR",NULL,Mark011,Nagpur,Central
Prod053,Cus021,Mark011,2018-03-26,18,4287,"INR",NULL,Mark011,Nagpur,Central
Prod053,Cus022,Mark011,2018-03-26,1,287,"INR",NULL,Mark011,Nagpur,Central
Prod053,Cus017,Mark011,2018-03-27,10,2699,"INR",NULL,Mark011,Nagpur,Central
Prod053,Cus019,Mark011,2018-03-27,3,671,"INR",NULL,Mark011,Nagpur,Central
Prod053,Cus024,Mark011,2018-03-27,2,431,"INR",NULL,Mark011,Nagpur,Central
Prod053,Cus020,Mark011,2018-03-27,9,2278,"INR",NULL,Mark011,Nagpur,Central
Prod053,Cus017,Mark011,2018-03-28,15,4718,"INR",NULL,Mark011,Nagpur,Central
Prod053,Cus019,Mark011,2018-03-28,9,2287,"INR",NULL,Mark011,Nagpur,Central
Prod053,Cus024,Mark011,2018-03-28,4,1176,"INR",NULL,Mark011,Nagpur,Central
Prod053,Cus020,Mark011,2018-03-28,3,801,"INR",NULL,Mark011,Nagpur,Central
Prod053,Cus021,Mark011,2018-03-28,6,1731,"INR",NULL,Mark011,Nagpur,Central
Prod053,Cus019,Mark011,2018-03-29,3,694,"INR",NULL,Mark011,Nagpur,Central
Prod053,Cus024,Mark011,2018-03-29,1,394,"INR",NULL,Mark011,Nagpur,Central
Prod053,Cus020,Mark011,2018-03-29,14,3426,"INR",NULL,Mark011,Nagpur,Central
Prod053,Cus021,Mark011,2018-03-29,210,45009,"INR",NULL,Mark011,Nagpur,Central
Prod053,Cus017,Mark011,2018-03-30,1,259,"INR",NULL,Mark011,Nagpur,Central
Prod053,Cus024,Mark011,2018-03-30,1,394,"INR",NULL,Mark011,Nagpur,Central
Prod053,Cus020,Mark011,2018-03-30,25,7792,"INR",NULL,Mark011,Nagpur,Central
Prod053,Cus021,Mark011,2018-03-30,102,22963,"INR",NULL,Mark011,Nagpur,Central
Prod053,Cus029,Mark011,2018-03-30,5,1259,"INR",NULL,Mark011,Nagpur,Central
Prod053,Cus022,Mark011,2018-04-02,1,426,"INR",NULL,Mark011,Nagpur,Central
Prod053,Cus017,Mark011,2018-04-03,6,1546,"INR",NULL,Mark011,Nagpur,Central
Prod053,Cus019,Mark011,2018-04-03,3,671,"INR",NULL,Mark011,Nagpur,Central
Prod053,Cus024,Mark011,2018-04-03,9,2750,"INR",NULL,Mark011,Nagpur,Central
Prod053,Cus020,Mark011,2018-04-03,3,657,"INR",NULL,Mark011,Nagpur,Central
Prod053,Cus021,Mark011,2018-04-03,17,4009,"INR",NULL,Mark011,Nagpur,Central
Prod053,Cus022,Mark011,2018-04-03,18,1968,"INR",NULL,Mark011,Nagpur,Central
Prod053,Cus017,Mark011,2018-04-04,35,7042,"INR",NULL,Mark011,Nagpur,Central
Prod053,Cus019,Mark011,2018-04-04,29,7722,"INR",NULL,Mark011,Nagpur,Central
Prod053,Cus024,Mark011,2018-04-04,3,787,"INR",NULL,Mark011,Nagpur,Central
Prod053,Cus020,Mark011,2018-04-04,4,1074,"INR",NULL,Mark011,Nagpur,Central
Prod053,Cus021,Mark011,2018-04-04,4,1014,"INR",NULL,Mark011,Nagpur,Central
Prod053,Cus029,Mark011,2018-04-04,3,931,"INR",NULL,Mark011,Nagpur,Central
Prod053,Cus019,Mark011,2018-04-05,43,7157,"INR",NULL,Mark011,Nagpur,Central
Prod053,Cus024,Mark011,2018-04-05,11,2727,"INR",NULL,Mark011,Nagpur,Central
Prod053,Cus020,Mark011,2018-04-05,6,1574,"INR",NULL,Mark011,Nagpur,Central
Prod053,Cus019,Mark011,2018-04-06,8,1815,"INR",NULL,Mark011,Nagpur,Central
Prod053,Cus023,Mark011,2018-04-06,36,9310,"INR",NULL,Mark011,Nagpur,Central
Prod053,Cus024,Mark011,2018-04-06,31,8032,"INR",NULL,Mark011,Nagpur,Central
Prod053,Cus020,Mark011,2018-04-06,5,1319,"INR",NULL,Mark011,Nagpur,Central
Prod053,Cus022,Mark011,2018-04-06,10,2440,"INR",NULL,Mark011,Nagpur,Central
Prod053,Cus022,Mark011,2018-04-06,1,426,"INR",NULL,Mark011,Nagpur,Central
Prod053,Cus017,Mark011,2018-04-09,9,3032,"INR",NULL,Mark011,Nagpur,Central
Prod053,Cus019,Mark011,2018-04-09,8,2060,"INR",NULL,Mark011,Nagpur,Central
Prod053,Cus024,Mark011,2018-04-09,1,97,"INR",NULL,Mark011,Nagpur,Central
Prod053,Cus020,Mark011,2018-04-09,23,5819,"INR",NULL,Mark011,Nagpur,Central
Prod053,Cus021,Mark011,2018-04-09,36,9574,"INR",NULL,Mark011,Nagpur,Central
Prod053,Cus022,Mark011,2018-04-09,3,694,"INR",NULL,Mark011,Nagpur,Central
Prod053,Cus022,Mark011,2018-04-09,1,426,"INR",NULL,Mark011,Nagpur,Central
Prod053,Cus019,Mark011,2018-04-10,16,4764,"INR",NULL,Mark011,Nagpur,Central
Prod053,Cus024,Mark011,2018-04-10,1,83,"INR",NULL,Mark011,Nagpur,Central
Prod053,Cus020,Mark011,2018-04-10,2,579,"INR",NULL,Mark011,Nagpur,Central
Prod053,Cus021,Mark011,2018-04-10,187,45870,"INR",NULL,Mark011,Nagpur,Central
Prod053,Cus017,Mark011,2018-04-11,110,30218,"INR",NULL,Mark011,Nagpur,Central
Prod053,Cus019,Mark011,2018-04-11,22,5329,"INR",NULL,Mark011,Nagpur,Central
Prod053,Cus023,Mark011,2018-04-11,12,3731,"INR",NULL,Mark011,Nagpur,Central
Prod053,Cus024,Mark011,2018-04-11,7,2815,"INR",NULL,Mark011,Nagpur,Central
Prod053,Cus020,Mark011,2018-04-11,1,83,"INR",NULL,Mark011,Nagpur,Central
Prod053,Cus017,Mark011,2018-04-12,12,3111,"INR",NULL,Mark011,Nagpur,Central
Prod053,Cus019,Mark011,2018-04-12,32,7361,"INR",NULL,Mark011,Nagpur,Central
Prod053,Cus024,Mark011,2018-04-12,13,3815,"INR",NULL,Mark011,Nagpur,Central
Prod053,Cus020,Mark011,2018-04-12,12,2954,"INR",NULL,Mark011,Nagpur,Central
Prod053,Cus021,Mark011,2018-04-12,6,1449,"INR",NULL,Mark011,Nagpur,Central
Prod053,Cus017,Mark011,2018-04-13,6,1616,"INR",NULL,Mark011,Nagpur,Central
Prod053,Cus020,Mark011,2018-04-13,7,1657,"INR",NULL,Mark011,Nagpur,Central
Prod053,Cus021,Mark011,2018-04-13,42,12426,"INR",NULL,Mark011,Nagpur,Central
Prod053,Cus022,Mark011,2018-04-13,1,144,"INR",NULL,Mark011,Nagpur,Central
Prod053,Cus019,Mark011,2018-04-16,6,1319,"INR",NULL,Mark011,Nagpur,Central
Prod053,Cus024,Mark011,2018-04-16,1,171,"INR",NULL,Mark011,Nagpur,Central
Prod053,Cus020,Mark011,2018-04-16,3,662,"INR",NULL,Mark011,Nagpur,Central
Prod053,Cus021,Mark011,2018-04-16,12,3324,"INR",NULL,Mark011,Nagpur,Central
Prod053,Cus022,Mark011,2018-04-16,1,431,"INR",NULL,Mark011,Nagpur,Central
Prod053,Cus019,Mark011,2018-04-17,16,3912,"INR",NULL,Mark011,Nagpur,Central
Prod053,Cus020,Mark011,2018-04-17,2,574,"INR",NULL,Mark011,Nagpur,Central
Prod053,Cus017,Mark011,2018-04-18,56,15208,"INR",NULL,Mark011,Nagpur,Central
Prod053,Cus019,Mark011,2018-04-18,25,6523,"INR",NULL,Mark011,Nagpur,Central
Prod053,Cus020,Mark011,2018-04-18,2,412,"INR",NULL,Mark011,Nagpur,Central
Prod053,Cus021,Mark011,2018-04-18,84,22505,"INR",NULL,Mark011,Nagpur,Central
Prod053,Cus019,Mark011,2018-04-19,14,3468,"INR",NULL,Mark011,Nagpur,Central
Prod053,Cus024,Mark011,2018-04-19,1,259,"INR",NULL,Mark011,Nagpur,Central
Prod053,Cus020,Mark011,2018-04-19,1,162,"INR",NULL,Mark011,Nagpur,Central
Prod053,Cus021,Mark011,2018-04-19,6,1449,"INR",NULL,Mark011,Nagpur,Central
Prod053,Cus017,Mark011,2018-04-20,6,1579,"INR",NULL,Mark011,Nagpur,Central
Prod053,Cus019,Mark011,2018-04-20,7,1667,"INR",NULL,Mark011,Nagpur,Central
Prod053,Cus024,Mark011,2018-04-20,11,2852,"INR",NULL,Mark011,Nagpur,Central
Prod053,Cus020,Mark011,2018-04-20,14,3532,"INR",NULL,Mark011,Nagpur,Central
Prod053,Cus021,Mark011,2018-04-20,12,3153,"INR",NULL,Mark011,Nagpur,Central
Prod053,Cus017,Mark011,2018-04-23,22,6042,"INR",NULL,Mark011,Nagpur,Central
Prod053,Cus019,Mark011,2018-04-23,4,819,"INR",NULL,Mark011,Nagpur,Central
Prod053,Cus023,Mark011,2018-04-23,3,810,"INR",NULL,Mark011,Nagpur,Central
Prod053,Cus021,Mark011,2018-04-23,35,8907,"INR",NULL,Mark011,Nagpur,Central
Prod053,Cus022,Mark011,2018-04-23,1,144,"INR",NULL,Mark011,Nagpur,Central
Prod053,Cus017,Mark011,2018-04-24,35,9167,"INR",NULL,Mark011,Nagpur,Central
Prod053,Cus019,Mark011,2018-04-24,3,639,"INR",NULL,Mark011,Nagpur,Central
Prod053,Cus020,Mark011,2018-04-24,2,412,"INR",NULL,Mark011,Nagpur,Central
Prod053,Cus021,Mark011,2018-04-24,6,1431,"INR",NULL,Mark011,Nagpur,Central
Prod053,Cus019,Mark011,2018-04-25,1,338,"INR",NULL,Mark011,Nagpur,Central
Prod053,Cus020,Mark011,2018-04-25,20,6287,"INR",NULL,Mark011,Nagpur,Central
Prod053,Cus017,Mark011,2018-04-26,30,8560,"INR",NULL,Mark011,Nagpur,Central
Prod053,Cus019,Mark011,2018-04-26,7,1546,"INR",NULL,Mark011,Nagpur,Central
Prod053,Cus024,Mark011,2018-04-26,2,500,"INR",NULL,Mark011,Nagpur,Central
Prod053,Cus020,Mark011,2018-04-26,2,495,"INR",NULL,Mark011,Nagpur,Central
Prod053,Cus026,Mark011,2018-04-26,1,106,"INR",NULL,Mark011,Nagpur,Central
Prod053,Cus021,Mark011,2018-04-26,44,11611,"INR",NULL,Mark011,Nagpur,Central
Prod053,Cus017,Mark011,2018-04-27,25,6690,"INR",NULL,Mark011,Nagpur,Central
Prod053,Cus019,Mark011,2018-04-27,48,11894,"INR",NULL,Mark011,Nagpur,Central
Prod053,Cus023,Mark011,2018-04-27,1,185,"INR",NULL,Mark011,Nagpur,Central
Prod053,Cus024,Mark011,2018-04-27,36,9000,"INR",NULL,Mark011,Nagpur,Central
Prod053,Cus020,Mark011,2018-04-27,2,412,"INR",NULL,Mark011,Nagpur,Central
Prod053,Cus022,Mark011,2018-04-27,1,194,"INR",NULL,Mark011,Nagpur,Central
Prod053,Cus017,Mark011,2018-04-30,3,1148,"INR",NULL,Mark011,Nagpur,Central
Prod053,Cus019,Mark011,2018-04-30,10,2356,"INR",NULL,Mark011,Nagpur,Central
Prod053,Cus024,Mark011,2018-04-30,10,2597,"INR",NULL,Mark011,Nagpur,Central
Prod053,Cus020,Mark011,2018-04-30,7,1806,"INR",NULL,Mark011,Nagpur,Central
Prod053,Cus021,Mark011,2018-04-30,24,6343,"INR",NULL,Mark011,Nagpur,Central
Prod053,Cus022,Mark011,2018-04-30,1,144,"INR",NULL,Mark011,Nagpur,Central
Prod053,Cus017,Mark011,2018-05-02,23,6282,"INR",NULL,Mark011,Nagpur,Central
Prod053,Cus019,Mark011,2018-05-02,19,4699,"INR",NULL,Mark011,Nagpur,Central
Prod053,Cus024,Mark011,2018-05-02,6,1611,"INR",NULL,Mark011,Nagpur,Central
Prod053,Cus020,Mark011,2018-05-02,1,162,"INR",NULL,Mark011,Nagpur,Central
Prod053,Cus025,Mark011,2018-05-02,6,1514,"INR",NULL,Mark011,Nagpur,Central
Prod053,Cus021,Mark011,2018-05-02,25,6176,"INR",NULL,Mark011,Nagpur,Central
Prod053,Cus022,Mark011,2018-05-02,4,1051,"INR",NULL,Mark011,Nagpur,Central
Prod053,Cus017,Mark011,2018-05-03,20,5856,"INR",NULL,Mark011,Nagpur,Central
Prod053,Cus019,Mark011,2018-05-03,7,1472,"INR",NULL,Mark011,Nagpur,Central
Prod053,Cus024,Mark011,2018-05-03,14,3634,"INR",NULL,Mark011,Nagpur,Central
Prod053,Cus020,Mark011,2018-05-03,7,1727,"INR",NULL,Mark011,Nagpur,Central
Prod053,Cus017,Mark011,2018-05-04,5,1162,"INR",NULL,Mark011,Nagpur,Central
Prod053,Cus019,Mark011,2018-05-04,67,15875,"INR",NULL,Mark011,Nagpur,Central
Prod053,Cus024,Mark011,2018-05-04,1,171,"INR",NULL,Mark011,Nagpur,Central
Prod053,Cus019,Mark011,2018-05-07,17,3843,"INR",NULL,Mark011,Nagpur,Central
Prod053,Cus024,Mark011,2018-05-07,12,3472,"INR",NULL,Mark011,Nagpur,Central
Prod053,Cus020,Mark011,2018-05-07,2,412,"INR",NULL,Mark011,Nagpur,Central
Prod053,Cus025,Mark011,2018-05-07,6,1782,"INR",NULL,Mark011,Nagpur,Central
Prod053,Cus021,Mark011,2018-05-07,127,36014,"INR",NULL,Mark011,Nagpur,Central
Prod053,Cus022,Mark011,2018-05-07,1,287,"INR",NULL,Mark011,Nagpur,Central
Prod053,Cus017,Mark011,2018-05-08,66,17250,"INR",NULL,Mark011,Nagpur,Central
Prod053,Cus019,Mark011,2018-05-08,2,440,"INR",NULL,Mark011,Nagpur,Central
Prod053,Cus023,Mark011,2018-05-08,3,926,"INR",NULL,Mark011,Nagpur,Central
Prod053,Cus020,Mark011,2018-05-08,5,1157,"INR",NULL,Mark011,Nagpur,Central
Prod053,Cus021,Mark011,2018-05-08,54,17546,"INR",NULL,Mark011,Nagpur,Central
Prod053,Cus019,Mark011,2018-05-09,1,222,"INR",NULL,Mark011,Nagpur,Central
Prod053,Cus023,Mark011,2018-05-09,12,3731,"INR",NULL,Mark011,Nagpur,Central
Prod053,Cus024,Mark011,2018-05-09,21,5093,"INR",NULL,Mark011,Nagpur,Central
Prod053,Cus020,Mark011,2018-05-09,5,1231,"INR",NULL,Mark011,Nagpur,Central
Prod053,Cus021,Mark011,2018-05-09,12,4333,"INR",NULL,Mark011,Nagpur,Central
Prod053,Cus022,Mark011,2018-05-09,1,144,"INR",NULL,Mark011,Nagpur,Central
Prod053,Cus017,Mark011,2018-05-10,19,5375,"INR",NULL,Mark011,Nagpur,Central
Prod053,Cus020,Mark011,2018-05-10,2,491,"INR",NULL,Mark011,Nagpur,Central
Prod053,Cus017,Mark011,2018-05-11,18,4838,"INR",NULL,Mark011,Nagpur,Central
Prod053,Cus019,Mark011,2018-05-11,24,6810,"INR",NULL,Mark011,Nagpur,Central
Prod053,Cus020,Mark011,2018-05-11,25,6162,"INR",NULL,Mark011,Nagpur,Central
Prod053,Cus021,Mark011,2018-05-11,42,8792,"INR",NULL,Mark011,Nagpur,Central
Prod053,Cus017,Mark011,2018-05-14,10,3398,"INR",NULL,Mark011,Nagpur,Central
Prod053,Cus019,Mark011,2018-05-14,14,3255,"INR",NULL,Mark011,Nagpur,Central
Prod053,Cus024,Mark011,2018-05-14,21,6917,"INR",NULL,Mark011,Nagpur,Central
Prod053,Cus020,Mark011,2018-05-14,6,1477,"INR",NULL,Mark011,Nagpur,Central
Prod053,Cus021,Mark011,2018-05-14,18,4185,"INR",NULL,Mark011,Nagpur,Central
Prod053,Cus017,Mark011,2018-05-15,1,241,"INR",NULL,Mark011,Nagpur,Central
Prod053,Cus019,Mark011,2018-05-15,9,1912,"INR",NULL,Mark011,Nagpur,Central
Prod053,Cus024,Mark011,2018-05-15,1,245,"INR",NULL,Mark011,Nagpur,Central
Prod053,Cus020,Mark011,2018-05-15,9,2306,"INR",NULL,Mark011,Nagpur,Central
Prod053,Cus021,Mark011,2018-05-15,53,14148,"INR",NULL,Mark011,Nagpur,Central
Prod053,Cus029,Mark011,2018-05-15,1,264,"INR",NULL,Mark011,Nagpur,Central
Prod053,Cus017,Mark011,2018-05-16,1,264,"INR",NULL,Mark011,Nagpur,Central
Prod053,Cus019,Mark011,2018-05-16,8,1861,"INR",NULL,Mark011,Nagpur,Central
Prod053,Cus018,Mark011,2018-05-16,1,93,"INR",NULL,Mark011,Nagpur,Central
Prod053,Cus020,Mark011,2018-05-16,2,495,"INR",NULL,Mark011,Nagpur,Central
Prod053,Cus026,Mark011,2018-05-16,1,106,"INR",NULL,Mark011,Nagpur,Central
Prod053,Cus022,Mark011,2018-05-16,1,282,"INR",NULL,Mark011,Nagpur,Central
Prod053,Cus017,Mark011,2018-05-17,4,1148,"INR",NULL,Mark011,Nagpur,Central
Prod053,Cus019,Mark011,2018-05-17,17,4583,"INR",NULL,Mark011,Nagpur,Central
Prod053,Cus024,Mark011,2018-05-17,19,4463,"INR",NULL,Mark011,Nagpur,Central
Prod053,Cus020,Mark011,2018-05-17,13,3213,"INR",NULL,Mark011,Nagpur,Central
Prod053,Cus017,Mark011,2018-05-18,8,2199,"INR",NULL,Mark011,Nagpur,Central
Prod053,Cus019,Mark011,2018-05-18,48,11231,"INR",NULL,Mark011,Nagpur,Central
Prod053,Cus023,Mark011,2018-05-18,12,3491,"INR",NULL,Mark011,Nagpur,Central
Prod053,Cus024,Mark011,2018-05-18,7,1787,"INR",NULL,Mark011,Nagpur,Central
Prod053,Cus020,Mark011,2018-05-18,39,9602,"INR",NULL,Mark011,Nagpur,Central
Prod053,Cus021,Mark011,2018-05-18,108,23222,"INR",NULL,Mark011,Nagpur,Central
Prod053,Cus017,Mark011,2018-05-21,16,4792,"INR",NULL,Mark011,Nagpur,Central
Prod053,Cus024,Mark011,2018-05-21,4,944,"INR",NULL,Mark011,Nagpur,Central
Prod053,Cus020,Mark011,2018-05-21,1,83,"INR",NULL,Mark011,Nagpur,Central
Prod053,Cus022,Mark011,2018-05-21,1,569,"INR",NULL,Mark011,Nagpur,Central
Prod053,Cus017,Mark011,2018-05-22,16,4519,"INR",NULL,Mark011,Nagpur,Central
Prod053,Cus019,Mark011,2018-05-22,2,380,"INR",NULL,Mark011,Nagpur,Central
Prod053,Cus023,Mark011,2018-05-22,7,1542,"INR",NULL,Mark011,Nagpur,Central
Prod053,Cus020,Mark011,2018-05-22,4,1069,"INR",NULL,Mark011,Nagpur,Central
Prod053,Cus021,Mark011,2018-05-22,204,42699,"INR",NULL,Mark011,Nagpur,Central
Prod053,Cus022,Mark011,2018-05-22,1,144,"INR",NULL,Mark011,Nagpur,Central
Prod053,Cus017,Mark011,2018-05-23,5,1222,"INR",NULL,Mark011,Nagpur,Central
Prod053,Cus019,Mark011,2018-05-23,7,1556,"INR",NULL,Mark011,Nagpur,Central
Prod053,Cus024,Mark011,2018-05-23,7,1667,"INR",NULL,Mark011,Nagpur,Central
Prod053,Cus020,Mark011,2018-05-23,4,1074,"INR",NULL,Mark011,Nagpur,Central
Prod053,Cus021,Mark011,2018-05-23,18,4616,"INR",NULL,Mark011,Nagpur,Central
Prod053,Cus022,Mark011,2018-05-23,1,144,"INR",NULL,Mark011,Nagpur,Central
Prod053,Cus029,Mark011,2018-05-23,7,1435,"INR",NULL,Mark011,Nagpur,Central
Prod053,Cus017,Mark011,2018-05-24,7,2264,"INR",NULL,Mark011,Nagpur,Central
Prod053,Cus019,Mark011,2018-05-24,8,2046,"INR",NULL,Mark011,Nagpur,Central
Prod053,Cus018,Mark011,2018-05-24,2,403,"INR",NULL,Mark011,Nagpur,Central
Prod053,Cus020,Mark011,2018-05-24,8,2176,"INR",NULL,Mark011,Nagpur,Central
Prod053,Cus021,Mark011,2018-05-24,12,2736,"INR",NULL,Mark011,Nagpur,Central
Prod053,Cus019,Mark011,2018-05-25,3,671,"INR",NULL,Mark011,Nagpur,Central
Prod053,Cus020,Mark011,2018-05-25,7,1810,"INR",NULL,Mark011,Nagpur,Central
Prod053,Cus021,Mark011,2018-05-25,24,6106,"INR",NULL,Mark011,Nagpur,Central
Prod053,Cus017,Mark011,2018-05-28,83,21324,"INR",NULL,Mark011,Nagpur,Central
Prod053,Cus019,Mark011,2018-05-28,2,602,"INR",NULL,Mark011,Nagpur,Central
Prod053,Cus024,Mark011,2018-05-28,1,250,"INR",NULL,Mark011,Nagpur,Central
Prod053,Cus020,Mark011,2018-05-28,14,3532,"INR",NULL,Mark011,Nagpur,Central
Prod053,Cus021,Mark011,2018-05-28,35,8532,"INR",NULL,Mark011,Nagpur,Central
Prod053,Cus022,Mark011,2018-05-28,1,176,"INR",NULL,Mark011,Nagpur,Central
Prod053,Cus022,Mark011,2018-05-28,1,426,"INR",NULL,Mark011,Nagpur,Central
Prod053,Cus029,Mark011,2018-05-28,14,2801,"INR",NULL,Mark011,Nagpur,Central
Prod053,Cus019,Mark011,2018-05-29,6,1449,"INR",NULL,Mark011,Nagpur,Central
Prod053,Cus023,Mark011,2018-05-29,1,491,"INR",NULL,Mark011,Nagpur,Central
Prod053,Cus020,Mark011,2018-05-29,1,83,"INR",NULL,Mark011,Nagpur,Central
Prod053,Cus021,Mark011,2018-05-29,18,4273,"INR",NULL,Mark011,Nagpur,Central
Prod053,Cus022,Mark011,2018-05-29,6,1611,"INR",NULL,Mark011,Nagpur,Central
Prod053,Cus019,Mark011,2018-05-30,7,1574,"INR",NULL,Mark011,Nagpur,Central
Prod053,Cus024,Mark011,2018-05-30,7,2773,"INR",NULL,Mark011,Nagpur,Central
Prod053,Cus020,Mark011,2018-05-30,6,1477,"INR",NULL,Mark011,Nagpur,Central
Prod053,Cus017,Mark011,2018-05-31,11,2935,"INR",NULL,Mark011,Nagpur,Central
Prod053,Cus019,Mark011,2018-05-31,49,10551,"INR",NULL,Mark011,Nagpur,Central
Prod053,Cus023,Mark011,2018-05-31,1,125,"INR",NULL,Mark011,Nagpur,Central
Prod053,Cus020,Mark011,2018-05-31,3,653,"INR",NULL,Mark011,Nagpur,Central
Prod053,Cus019,Mark011,2018-06-01,66,16241,"INR",NULL,Mark011,Nagpur,Central
Prod053,Cus024,Mark011,2018-06-01,33,7736,"INR",NULL,Mark011,Nagpur,Central
Prod053,Cus020,Mark011,2018-06-01,16,4093,"INR",NULL,Mark011,Nagpur,Central
Prod053,Cus026,Mark011,2018-06-01,1,319,"INR",NULL,Mark011,Nagpur,Central
Prod053,Cus021,Mark011,2018-06-01,96,21912,"INR",NULL,Mark011,Nagpur,Central
Prod053,Cus022,Mark011,2018-06-01,1,282,"INR",NULL,Mark011,Nagpur,Central
Prod053,Cus017,Mark011,2018-06-04,35,9500,"INR",NULL,Mark011,Nagpur,Central
Prod053,Cus019,Mark011,2018-06-04,2,509,"INR",NULL,Mark011,Nagpur,Central
Prod053,Cus023,Mark011,2018-06-04,5,1481,"INR",NULL,Mark011,Nagpur,Central
Prod053,Cus024,Mark011,2018-06-04,3,806,"INR",NULL,Mark011,Nagpur,Central
Prod053,Cus020,Mark011,2018-06-04,31,7713,"INR",NULL,Mark011,Nagpur,Central
Prod053,Cus021,Mark011,2018-06-04,124,27727,"INR",NULL,Mark011,Nagpur,Central
Prod053,Cus022,Mark011,2018-06-04,1,287,"INR",NULL,Mark011,Nagpur,Central
Prod053,Cus017,Mark011,2018-06-05,7,2264,"INR",NULL,Mark011,Nagpur,Central
Prod053,Cus019,Mark011,2018-06-05,3,519,"INR",NULL,Mark011,Nagpur,Central
Prod053,Cus023,Mark011,2018-06-05,1,375,"INR",NULL,Mark011,Nagpur,Central
Prod053,Cus021,Mark011,2018-06-05,327,74657,"INR",NULL,Mark011,Nagpur,Central
Prod053,Cus022,Mark011,2018-06-05,2,741,"INR",NULL,Mark011,Nagpur,Central
Prod053,Cus019,Mark011,2018-06-06,12,3051,"INR",NULL,Mark011,Nagpur,Central
Prod053,Cus024,Mark011,2018-06-06,18,4417,"INR",NULL,Mark011,Nagpur,Central
Prod053,Cus020,Mark011,2018-06-06,45,12398,"INR",NULL,Mark011,Nagpur,Central
Prod053,Cus025,Mark011,2018-06-06,7,2486,"INR",NULL,Mark011,Nagpur,Central
Prod053,Cus026,Mark011,2018-06-06,1,213,"INR",NULL,Mark011,Nagpur,Central
Prod053,Cus017,Mark011,2018-06-07,14,3755,"INR",NULL,Mark011,Nagpur,Central
Prod053,Cus019,Mark011,2018-06-07,14,3134,"INR",NULL,Mark011,Nagpur,Central
Prod053,Cus024,Mark011,2018-06-07,60,13745,"INR",NULL,Mark011,Nagpur,Central
Prod053,Cus018,Mark011,2018-06-07,2,523,"INR",NULL,Mark011,Nagpur,Central
Prod053,Cus020,Mark011,2018-06-07,7,1741,"INR",NULL,Mark011,Nagpur,Central
Prod053,Cus021,Mark011,2018-06-07,90,21171,"INR",NULL,Mark011,Nagpur,Central
Prod053,Cus022,Mark011,2018-06-07,6,1611,"INR",NULL,Mark011,Nagpur,Central
Prod053,Cus017,Mark011,2018-06-08,33,8574,"INR",NULL,Mark011,Nagpur,Central
Prod053,Cus019,Mark011,2018-06-08,36,8907,"INR",NULL,Mark011,Nagpur,Central
Prod053,Cus024,Mark011,2018-06-08,18,4343,"INR",NULL,Mark011,Nagpur,Central
Prod053,Cus020,Mark011,2018-06-08,4,995,"INR",NULL,Mark011,Nagpur,Central
Prod053,Cus025,Mark011,2018-06-08,14,4032,"INR",NULL,Mark011,Nagpur,Central
Prod053,Cus021,Mark011,2018-06-08,125,30417,"INR",NULL,Mark011,Nagpur,Central
Prod053,Cus022,Mark011,2018-06-08,1,157,"INR",NULL,Mark011,Nagpur,Central
Prod053,Cus029,Mark011,2018-06-08,1,51,"INR",NULL,Mark011,Nagpur,Central
Prod053,Cus017,Mark011,2018-06-11,37,10907,"INR",NULL,Mark011,Nagpur,Central
Prod053,Cus019,Mark011,2018-06-11,2,440,"INR",NULL,Mark011,Nagpur,Central
Prod053,Cus024,Mark011,2018-06-11,25,5750,"INR",NULL,Mark011,Nagpur,Central
Prod053,Cus018,Mark011,2018-06-11,1,324,"INR",NULL,Mark011,Nagpur,Central
Prod053,Cus020,Mark011,2018-06-11,1,167,"INR",NULL,Mark011,Nagpur,Central
Prod053,Cus021,Mark011,2018-06-11,170,36014,"INR",NULL,Mark011,Nagpur,Central
Prod053,Cus022,Mark011,2018-06-11,1,472,"INR",NULL,Mark011,Nagpur,Central
Prod053,Cus017,Mark011,2018-06-12,6,1718,"INR",NULL,Mark011,Nagpur,Central
Prod053,Cus019,Mark011,2018-06-12,1,148,"INR",NULL,Mark011,Nagpur,Central
Prod053,Cus023,Mark011,2018-06-12,12,3731,"INR",NULL,Mark011,Nagpur,Central
Prod053,Cus024,Mark011,2018-06-12,3,653,"INR",NULL,Mark011,Nagpur,Central
Prod053,Cus020,Mark011,2018-06-12,3,657,"INR",NULL,Mark011,Nagpur,Central
Prod053,Cus017,Mark011,2018-06-13,8,2093,"INR",NULL,Mark011,Nagpur,Central
Prod053,Cus019,Mark011,2018-06-13,2,528,"INR",NULL,Mark011,Nagpur,Central
Prod053,Cus020,Mark011,2018-06-13,2,579,"INR",NULL,Mark011,Nagpur,Central
Prod053,Cus026,Mark011,2018-06-13,1,106,"INR",NULL,Mark011,Nagpur,Central
Prod053,Cus019,Mark011,2018-06-14,1,338,"INR",NULL,Mark011,Nagpur,Central
Prod053,Cus020,Mark011,2018-06-14,3,662,"INR",NULL,Mark011,Nagpur,Central
Prod053,Cus017,Mark011,2018-06-15,2,417,"INR",NULL,Mark011,Nagpur,Central
Prod053,Cus019,Mark011,2018-06-15,6,1185,"INR",NULL,Mark011,Nagpur,Central
Prod053,Cus024,Mark011,2018-06-15,33,7819,"INR",NULL,Mark011,Nagpur,Central
Prod053,Cus020,Mark011,2018-06-15,6,1477,"INR",NULL,Mark011,Nagpur,Central
Prod053,Cus021,Mark011,2018-06-15,131,29463,"INR",NULL,Mark011,Nagpur,Central
Prod053,Cus017,Mark011,2018-06-18,36,10093,"INR",NULL,Mark011,Nagpur,Central
Prod053,Cus019,Mark011,2018-06-18,8,1769,"INR",NULL,Mark011,Nagpur,Central
Prod053,Cus024,Mark011,2018-06-18,2,829,"INR",NULL,Mark011,Nagpur,Central
Prod053,Cus020,Mark011,2018-06-18,6,1477,"INR",NULL,Mark011,Nagpur,Central
Prod053,Cus021,Mark011,2018-06-18,117,29810,"INR",NULL,Mark011,Nagpur,Central
Prod053,Cus022,Mark011,2018-06-18,1,315,"INR",NULL,Mark011,Nagpur,Central
Prod053,Cus017,Mark011,2018-06-19,32,10227,"INR",NULL,Mark011,Nagpur,Central
Prod053,Cus019,Mark011,2018-06-19,12,3287,"INR",NULL,Mark011,Nagpur,Central
Prod053,Cus024,Mark011,2018-06-19,14,3431,"INR",NULL,Mark011,Nagpur,Central
Prod053,Cus020,Mark011,2018-06-19,4,986,"INR",NULL,Mark011,Nagpur,Central
Prod053,Cus017,Mark011,2018-06-20,8,2514,"INR",NULL,Mark011,Nagpur,Central
Prod053,Cus019,Mark011,2018-06-20,51,11023,"INR",NULL,Mark011,Nagpur,Central
Prod053,Cus023,Mark011,2018-06-20,1,370,"INR",NULL,Mark011,Nagpur,Central
Prod053,Cus020,Mark011,2018-06-20,2,417,"INR",NULL,Mark011,Nagpur,Central
Prod053,Cus026,Mark011,2018-06-20,1,213,"INR",NULL,Mark011,Nagpur,Central
Prod053,Cus022,Mark011,2018-06-20,1,315,"INR",NULL,Mark011,Nagpur,Central
Prod053,Cus017,Mark011,2018-06-21,36,10144,"INR",NULL,Mark011,Nagpur,Central
Prod053,Cus019,Mark011,2018-06-21,23,5685,"INR",NULL,Mark011,Nagpur,Central
Prod053,Cus024,Mark011,2018-06-21,25,7894,"INR",NULL,Mark011,Nagpur,Central
Prod053,Cus018,Mark011,2018-06-21,2,532,"INR",NULL,Mark011,Nagpur,Central
Prod053,Cus020,Mark011,2018-06-21,12,3773,"INR",NULL,Mark011,Nagpur,Central
Prod053,Cus022,Mark011,2018-06-21,1,157,"INR",NULL,Mark011,Nagpur,Central
Prod053,Cus019,Mark011,2018-06-22,11,2375,"INR",NULL,Mark011,Nagpur,Central
Prod053,Cus023,Mark011,2018-06-22,7,1542,"INR",NULL,Mark011,Nagpur,Central
Prod053,Cus024,Mark011,2018-06-22,1,167,"INR",NULL,Mark011,Nagpur,Central
Prod053,Cus020,Mark011,2018-06-22,3,833,"INR",NULL,Mark011,Nagpur,Central
Prod053,Cus021,Mark011,2018-06-22,120,26736,"INR",NULL,Mark011,Nagpur,Central
Prod053,Cus022,Mark011,2018-06-22,4,1069,"INR",NULL,Mark011,Nagpur,Central
Prod053,Cus017,Mark011,2018-06-25,14,3764,"INR",NULL,Mark011,Nagpur,Central
Prod053,Cus019,Mark011,2018-06-25,6,1394,"INR",NULL,Mark011,Nagpur,Central
Prod053,Cus020,Mark011,2018-06-25,10,2472,"INR",NULL,Mark011,Nagpur,Central
Prod053,Cus021,Mark011,2018-06-25,168,39560,"INR",NULL,Mark011,Nagpur,Central
Prod053,Cus022,Mark011,2018-06-25,5,1431,"INR",NULL,Mark011,Nagpur,Central
Prod053,Cus022,Mark011,2018-06-25,2,787,"INR",NULL,Mark011,Nagpur,Central
Prod053,Cus017,Mark011,2018-06-26,14,3931,"INR",NULL,Mark011,Nagpur,Central
Prod053,Cus019,Mark011,2018-06-26,2,463,"INR",NULL,Mark011,Nagpur,Central
Prod053,Cus020,Mark011,2018-06-26,6,1403,"INR",NULL,Mark011,Nagpur,Central
Prod053,Cus021,Mark011,2018-06-26,210,45347,"INR",NULL,Mark011,Nagpur,Central
Prod053,Cus017,Mark011,2018-06-27,8,1926,"INR",NULL,Mark011,Nagpur,Central
Prod053,Cus019,Mark011,2018-06-27,4,810,"INR",NULL,Mark011,Nagpur,Central
Prod053,Cus024,Mark011,2018-06-27,1,250,"INR",NULL,Mark011,Nagpur,Central
Prod053,Cus020,Mark011,2018-06-27,20,5417,"INR",NULL,Mark011,Nagpur,Central
Prod053,Cus021,Mark011,2018-06-27,18,4616,"INR",NULL,Mark011,Nagpur,Central
Prod053,Cus017,Mark011,2018-06-28,24,6593,"INR",NULL,Mark011,Nagpur,Central
Prod053,Cus019,Mark011,2018-06-28,1,315,"INR",NULL,Mark011,Nagpur,Central
Prod053,Cus024,Mark011,2018-06-28,25,5815,"INR",NULL,Mark011,Nagpur,Central
Prod053,Cus020,Mark011,2018-06-28,2,579,"INR",NULL,Mark011,Nagpur,Central
Prod053,Cus025,Mark011,2018-06-28,5,1556,"INR",NULL,Mark011,Nagpur,Central
Prod053,Cus021,Mark011,2018-06-28,72,18898,"INR",NULL,Mark011,Nagpur,Central
Prod053,Cus017,Mark011,2018-06-29,79,25125,"INR",NULL,Mark011,Nagpur,Central
Prod053,Cus019,Mark011,2018-06-29,1,296,"INR",NULL,Mark011,Nagpur,Central
Prod053,Cus023,Mark011,2018-06-29,1,125,"INR",NULL,Mark011,Nagpur,Central
Prod053,Cus024,Mark011,2018-06-29,2,417,"INR",NULL,Mark011,Nagpur,Central
Prod053,Cus018,Mark011,2018-06-29,3,644,"INR",NULL,Mark011,Nagpur,Central
Prod053,Cus020,Mark011,2018-06-29,3,741,"INR",NULL,Mark011,Nagpur,Central
Prod053,Cus021,Mark011,2018-06-29,180,38579,"INR",NULL,Mark011,Nagpur,Central
Prod053,Cus017,Mark011,2018-07-02,117,30801,"INR",NULL,Mark011,Nagpur,Central
Prod053,Cus019,Mark011,2018-07-02,60,15000,"INR",NULL,Mark011,Nagpur,Central
Prod053,Cus024,Mark011,2018-07-02,2,583,"INR",NULL,Mark011,Nagpur,Central
Prod053,Cus020,Mark011,2018-07-02,5,1319,"INR",NULL,Mark011,Nagpur,Central
Prod053,Cus021,Mark011,2018-07-02,60,14130,"INR",NULL,Mark011,Nagpur,Central
Prod053,Cus022,Mark011,2018-07-02,1,157,"INR",NULL,Mark011,Nagpur,Central
Prod053,Cus019,Mark011,2018-07-03,5,1074,"INR",NULL,Mark011,Nagpur,Central
Prod053,Cus018,Mark011,2018-07-03,1,79,"INR",NULL,Mark011,Nagpur,Central
Prod053,Cus020,Mark011,2018-07-03,4,1074,"INR",NULL,Mark011,Nagpur,Central
Prod053,Cus019,Mark011,2018-07-04,12,2722,"INR",NULL,Mark011,Nagpur,Central
Prod053,Cus024,Mark011,2018-07-04,6,1352,"INR",NULL,Mark011,Nagpur,Central
Prod053,Cus018,Mark011,2018-07-04,1,97,"INR",NULL,Mark011,Nagpur,Central
Prod053,Cus020,Mark011,2018-07-04,1,245,"INR",NULL,Mark011,Nagpur,Central
Prod053,Cus026,Mark011,2018-07-04,1,106,"INR",NULL,Mark011,Nagpur,Central
Prod053,Cus017,Mark011,2018-07-05,71,17463,"INR",NULL,Mark011,Nagpur,Central
Prod053,Cus019,Mark011,2018-07-05,18,4801,"INR",NULL,Mark011,Nagpur,Central
Prod053,Cus024,Mark011,2018-07-05,1,167,"INR",NULL,Mark011,Nagpur,Central
Prod053,Cus020,Mark011,2018-07-05,2,579,"INR",NULL,Mark011,Nagpur,Central
Prod053,Cus021,Mark011,2018-07-05,126,30162,"INR",NULL,Mark011,Nagpur,Central
Prod053,Cus017,Mark011,2018-07-06,47,13042,"INR",NULL,Mark011,Nagpur,Central
Prod053,Cus019,Mark011,2018-07-06,52,10102,"INR",NULL,Mark011,Nagpur,Central
Prod053,Cus023,Mark011,2018-07-06,42,12139,"INR",NULL,Mark011,Nagpur,Central
Prod053,Cus024,Mark011,2018-07-06,24,5505,"INR",NULL,Mark011,Nagpur,Central
Prod053,Cus020,Mark011,2018-07-06,21,5181,"INR",NULL,Mark011,Nagpur,Central
Prod053,Cus021,Mark011,2018-07-06,189,44972,"INR",NULL,Mark011,Nagpur,Central
Prod053,Cus029,Mark011,2018-07-06,13,2870,"INR",NULL,Mark011,Nagpur,Central
Prod053,Cus017,Mark011,2018-07-09,25,6597,"INR",NULL,Mark011,Nagpur,Central
Prod053,Cus019,Mark011,2018-07-09,1,319,"INR",NULL,Mark011,Nagpur,Central
Prod053,Cus023,Mark011,2018-07-09,3,926,"INR",NULL,Mark011,Nagpur,Central
Prod053,Cus024,Mark011,2018-07-09,3,667,"INR",NULL,Mark011,Nagpur,Central
Prod053,Cus020,Mark011,2018-07-09,5,1236,"INR",NULL,Mark011,Nagpur,Central
Prod053,Cus025,Mark011,2018-07-09,32,6509,"INR",NULL,Mark011,Nagpur,Central
Prod053,Cus021,Mark011,2018-07-09,60,16468,"INR",NULL,Mark011,Nagpur,Central
Prod053,Cus022,Mark011,2018-07-09,4,958,"INR",NULL,Mark011,Nagpur,Central
Prod053,Cus022,Mark011,2018-07-09,1,157,"INR",NULL,Mark011,Nagpur,Central
Prod053,Cus017,Mark011,2018-07-10,44,10454,"INR",NULL,Mark011,Nagpur,Central
Prod053,Cus019,Mark011,2018-07-10,25,6079,"INR",NULL,Mark011,Nagpur,Central
Prod053,Cus020,Mark011,2018-07-10,5,1236,"INR",NULL,Mark011,Nagpur,Central
Prod053,Cus021,Mark011,2018-07-10,24,6208,"INR",NULL,Mark011,Nagpur,Central
Prod053,Cus028,Mark011,2018-07-10,5,1843,"INR",NULL,Mark011,Nagpur,Central
Prod053,Cus017,Mark011,2018-07-11,2,440,"INR",NULL,Mark011,Nagpur,Central
Prod053,Cus019,Mark011,2018-07-11,61,14963,"INR",NULL,Mark011,Nagpur,Central
Prod053,Cus024,Mark011,2018-07-11,6,1556,"INR",NULL,Mark011,Nagpur,Central
Prod053,Cus020,Mark011,2018-07-11,1,162,"INR",NULL,Mark011,Nagpur,Central
Prod053,Cus026,Mark011,2018-07-11,1,106,"INR",NULL,Mark011,Nagpur,Central
Prod053,Cus022,Mark011,2018-07-11,1,630,"INR",NULL,Mark011,Nagpur,Central
Prod053,Cus017,Mark011,2018-07-12,12,3250,"INR",NULL,Mark011,Nagpur,Central
Prod053,Cus019,Mark011,2018-07-12,11,2532,"INR",NULL,Mark011,Nagpur,Central
Prod053,Cus023,Mark011,2018-07-12,1,375,"INR",NULL,Mark011,Nagpur,Central
Prod053,Cus024,Mark011,2018-07-12,6,1639,"INR",NULL,Mark011,Nagpur,Central
Prod053,Cus020,Mark011,2018-07-12,18,4921,"INR",NULL,Mark011,Nagpur,Central
Prod053,Cus029,Mark011,2018-07-12,3,773,"INR",NULL,Mark011,Nagpur,Central
Prod053,Cus017,Mark011,2018-07-13,25,7741,"INR",NULL,Mark011,Nagpur,Central
Prod053,Cus019,Mark011,2018-07-13,46,10801,"INR",NULL,Mark011,Nagpur,Central
Prod053,Cus024,Mark011,2018-07-13,6,1662,"INR",NULL,Mark011,Nagpur,Central
Prod053,Cus018,Mark011,2018-07-13,1,181,"INR",NULL,Mark011,Nagpur,Central
Prod053,Cus020,Mark011,2018-07-13,3,750,"INR",NULL,Mark011,Nagpur,Central
Prod053,Cus021,Mark011,2018-07-13,12,3417,"INR",NULL,Mark011,Nagpur,Central
Prod053,Cus017,Mark011,2018-07-16,3,889,"INR",NULL,Mark011,Nagpur,Central
Prod053,Cus019,Mark011,2018-07-16,52,12824,"INR",NULL,Mark011,Nagpur,Central
Prod053,Cus023,Mark011,2018-07-16,3,741,"INR",NULL,Mark011,Nagpur,Central
Prod053,Cus020,Mark011,2018-07-16,9,2296,"INR",NULL,Mark011,Nagpur,Central
Prod053,Cus022,Mark011,2018-07-16,1,315,"INR",NULL,Mark011,Nagpur,Central
Prod053,Cus017,Mark011,2018-07-17,22,6495,"INR",NULL,Mark011,Nagpur,Central
Prod053,Cus019,Mark011,2018-07-17,17,4477,"INR",NULL,Mark011,Nagpur,Central
Prod053,Cus024,Mark011,2018-07-17,2,583,"INR",NULL,Mark011,Nagpur,Central
Prod053,Cus020,Mark011,2018-07-17,9,2139,"INR",NULL,Mark011,Nagpur,Central
Prod053,Cus022,Mark011,2018-07-17,6,1611,"INR",NULL,Mark011,Nagpur,Central
Prod053,Cus017,Mark011,2018-07-18,13,4440,"INR",NULL,Mark011,Nagpur,Central
Prod053,Cus019,Mark011,2018-07-18,20,5634,"INR",NULL,Mark011,Nagpur,Central
Prod053,Cus024,Mark011,2018-07-18,26,6352,"INR",NULL,Mark011,Nagpur,Central
Prod053,Cus018,Mark011,2018-07-18,2,403,"INR",NULL,Mark011,Nagpur,Central
Prod053,Cus020,Mark011,2018-07-18,1,245,"INR",NULL,Mark011,Nagpur,Central
Prod053,Cus026,Mark011,2018-07-18,1,319,"INR",NULL,Mark011,Nagpur,Central
Prod053,Cus021,Mark011,2018-07-18,38,9338,"INR",NULL,Mark011,Nagpur,Central
Prod053,Cus017,Mark011,2018-07-19,14,2838,"INR",NULL,Mark011,Nagpur,Central
Prod053,Cus019,Mark011,2018-07-19,7,2005,"INR",NULL,Mark011,Nagpur,Central
Prod053,Cus020,Mark011,2018-07-19,6,1569,"INR",NULL,Mark011,Nagpur,Central
Prod053,Cus022,Mark011,2018-07-19,1,157,"INR",NULL,Mark011,Nagpur,Central
Prod053,Cus017,Mark011,2018-07-20,24,6454,"INR",NULL,Mark011,Nagpur,Central
Prod053,Cus019,Mark011,2018-07-20,13,3069,"INR",NULL,Mark011,Nagpur,Central
Prod053,Cus024,Mark011,2018-07-20,1,167,"INR",NULL,Mark011,Nagpur,Central
Prod053,Cus020,Mark011,2018-07-20,1,83,"INR",NULL,Mark011,Nagpur,Central
Prod053,Cus021,Mark011,2018-07-20,6,1565,"INR",NULL,Mark011,Nagpur,Central
Prod053,Cus017,Mark011,2018-07-23,18,5731,"INR",NULL,Mark011,Nagpur,Central
Prod053,Cus019,Mark011,2018-07-23,8,2213,"INR",NULL,Mark011,Nagpur,Central
Prod053,Cus020,Mark011,2018-07-23,5,1157,"INR",NULL,Mark011,Nagpur,Central
